,index,kME_MM.yellow,kME_MM.brown,kME_MM.blue,kME_MM.turquoise,kME_MM.grey
Gene.1,3,0.39386633,0.340030707,-0.364591504,-0.215776437,0.694061678
Gene.2,5,0.755330288,0.612003837,-0.299766626,0.001647906,0.828503287
Gene.3,3,0.516809381,0.376120488,-0.526482509,-0.314213201,0.885359425
Gene.4,3,0.545117427,0.237232235,-0.493614282,-0.403274567,0.791398616
Gene.5,3,0.478045388,0.448112983,-0.524324649,-0.228102629,0.867328954
Gene.6,3,0.570372603,0.66785653,-0.316468208,0.026247288,0.870864198
Gene.7,3,0.131796687,0.204636281,-0.421535566,-0.191465108,0.514359945
Gene.8,2,0.365604735,0.636898369,-0.165538074,0.097071954,0.660826912
Gene.9,3,0.391543924,0.624481823,-0.217578784,0.129863262,0.674077009
Gene.10,3,0.659249315,0.634566499,-0.069015971,0.083689473,0.740839429
Gene.11,3,0.619650328,0.359775033,-0.635049001,-0.319013664,0.914316282
Gene.12,3,0.58529042,0.418759773,-0.510299116,-0.258305036,0.904700278
Gene.13,2,0.499695524,0.733410533,-0.120127241,0.204490508,0.732027544
Gene.14,5,0.758582673,0.335158387,-0.236493906,-0.122870008,0.624061504
Gene.15,3,0.439483176,0.354270733,-0.330879893,-0.189836074,0.68599251
Gene.16,3,0.271582865,0.249228352,-0.4977726,-0.18262964,0.578467201
Gene.17,3,0.511627864,0.606312471,-0.200112853,0.069031206,0.72090995
Gene.18,3,0.514794858,0.726923306,-0.259761387,0.117162563,0.841609462
Gene.19,3,0.551909671,0.398619405,-0.571342811,-0.297742606,0.900233069
Gene.20,3,0.643362909,0.464357533,-0.482846496,-0.192228888,0.873357556
Gene.21,2,0.417681523,0.752984586,-0.131654158,0.247582612,0.705716803
Gene.22,3,0.722850401,0.246272291,-0.586298764,-0.404292567,0.846618257
Gene.23,3,0.429059056,0.643590531,-0.128660555,0.221562775,0.635049903
Gene.24,2,0.435246467,0.850994209,0.200017223,0.446372587,0.533484059
Gene.25,3,0.628752362,0.336215139,-0.287730416,-0.197605508,0.695074131
Gene.26,3,0.53163235,0.045679616,-0.614147175,-0.53287934,0.751711394
Gene.27,3,0.587280606,0.327704046,-0.572774055,-0.319347992,0.877048247
Gene.28,3,0.521006822,0.270964485,-0.692206322,-0.410877601,0.901256989
Gene.29,5,0.875947032,0.312062713,-0.294064035,-0.160802681,0.670455324
Gene.30,5,0.783289166,0.272591269,-0.535606313,-0.320545191,0.834574108
Gene.31,3,0.48190314,0.131330708,-0.681177858,-0.501761375,0.815001777
Gene.32,3,0.705630953,0.421476143,-0.126943253,-0.031732375,0.627397152
Gene.33,5,0.798553576,-0.068853015,-0.356352895,-0.419557037,0.492750355
Gene.34,3,0.47344343,0.716070124,-0.027452513,0.21194527,0.674942223
Gene.35,2,0.693629912,0.75598171,-0.080687043,0.275570934,0.69625273
Gene.36,1,0.452065371,-0.091122556,-0.855242719,-0.651983229,0.746163179
Gene.37,2,0.232346731,0.761384736,0.164600669,0.451115165,0.446835682
Gene.38,3,0.40798969,0.079131175,-0.62048251,-0.454502637,0.700057874
Gene.39,3,0.305082765,0.528433377,-0.236746794,-0.002275938,0.681076968
Gene.40,2,0.373004391,0.944956123,0.276630334,0.634803,0.468616503
Gene.41,2,0.269423275,0.732263553,-0.149422681,0.230500475,0.644188681
Gene.42,3,0.39062666,0.332385543,-0.497146576,-0.236703451,0.781234538
Gene.43,2,0.303817013,0.941152439,0.24666174,0.696134988,0.414929065
Gene.44,5,0.82335297,0.131495059,-0.534351051,-0.395101284,0.74031127
Gene.45,5,0.742981729,0.602251072,-0.268744083,0.103288656,0.761112845
Gene.46,2,0.356355649,0.943225081,0.251118552,0.6203419,0.471029011
Gene.47,3,0.204517308,0.574611076,-0.019071951,0.227161052,0.513314199
Gene.48,3,0.448981367,0.312000816,-0.503853897,-0.274282507,0.793943417
Gene.49,2,0.176669057,0.731257282,-0.164129339,0.309452696,0.600540587
Gene.50,2,0.387311968,0.8574112,0.037919837,0.420238578,0.647704857
Gene.51,3,0.476960896,0.274024536,-0.536520038,-0.338795522,0.812235846
Gene.52,3,0.193988526,0.433228768,-0.328552497,0.009253277,0.601812668
Gene.53,3,0.537965675,0.506967942,-0.301456019,-0.054475406,0.735996821
Gene.54,3,0.227691464,0.277883563,-0.485020911,-0.138683109,0.563029183
Gene.55,5,0.885985425,0.43136694,-0.329112076,-0.122612679,0.776460163
Gene.56,3,0.691244129,0.260675267,-0.402544262,-0.30228949,0.72756699
Gene.57,3,0.457440362,0.680991246,-0.021541867,0.279204833,0.623361686
Gene.58,3,0.476728548,0.227535014,-0.463497476,-0.29038947,0.669953859
Gene.59,3,0.495712057,0.52728456,-0.250011548,-0.010291699,0.733834568
Gene.60,3,0.508117725,0.681716417,-0.013195541,0.265966878,0.594852751
Gene.61,3,0.224215255,0.033638281,-0.642231477,-0.50296872,0.668389583
Gene.62,2,0.26241858,0.902963937,0.424495974,0.750577568,0.301867819
Gene.63,3,0.597280211,0.548468293,-0.362408407,-0.04130951,0.835838361
Gene.64,3,0.548827972,0.674745086,-0.163078929,0.192738642,0.730542426
Gene.65,2,0.447706034,0.801737402,-0.200659701,0.265000711,0.767348984
Gene.66,3,0.399512778,0.34801737,-0.464297203,-0.188415191,0.755113446
Gene.67,3,0.54164345,0.372426211,-0.335024219,-0.04390111,0.603220617
Gene.68,5,0.852768778,0.528716022,-0.16395333,0.057578147,0.660808438
Gene.69,2,0.116797322,0.803135602,0.2591544,0.612006426,0.31265408
Gene.70,2,0.541163716,0.885751789,0.312314637,0.619263987,0.426768061
Gene.71,5,0.888503158,0.377909898,-0.065520046,0.032934701,0.514120687
Gene.72,3,0.37015429,0.437653728,-0.356316922,-0.163832932,0.773359606
Gene.73,3,0.219297721,0.673386376,-0.11544044,0.211150732,0.610389848
Gene.74,5,0.751453263,0.072318643,-0.543720594,-0.472050095,0.713306726
Gene.75,3,0.36187751,0.386482187,-0.222005892,-0.028558289,0.581075363
Gene.76,2,0.393315687,0.927368055,0.203049433,0.598468322,0.49835964
Gene.77,5,0.877250583,0.181977765,-0.34112679,-0.290883365,0.651066772
Gene.78,3,0.489421432,0.521469305,-0.265439675,0.007609585,0.715067864
Gene.79,3,0.358400434,0.256140733,-0.243362309,-0.215378186,0.611791176
Gene.80,2,0.555118522,0.909348205,0.182598206,0.558880788,0.555560561
Gene.81,3,0.132332619,0.486959012,-0.301449998,0.107270557,0.533858398
Gene.82,3,0.554614392,0.275242963,-0.352759429,-0.273941507,0.695581869
Gene.83,2,0.375500352,0.857229226,0.084400189,0.414636838,0.630275402
Gene.84,3,0.251712324,0.377282165,-0.505394621,-0.164735159,0.702815913
Gene.85,5,0.707477576,0.686461096,0.136544914,0.42578728,0.482605274
Gene.86,2,0.145259023,0.888972323,0.421912528,0.769956537,0.225195392
Gene.87,5,0.687040405,-0.090745505,-0.583010312,-0.558952969,0.618470362
Gene.88,3,0.437567468,0.291226613,-0.558993549,-0.327381573,0.810828271
Gene.89,3,0.541631499,0.488173239,-0.195687117,0.07769622,0.611357346
Gene.90,2,0.549231364,0.789142856,0.078986221,0.413396325,0.592679461
Gene.91,3,0.496997049,-0.006010968,-0.610021862,-0.421803374,0.582529138
Gene.92,3,0.30387438,0.479799744,-0.313774713,-0.072700101,0.709766632
Gene.93,5,0.886006384,0.476749118,-0.036496509,0.132897062,0.563437086
Gene.94,5,0.738374853,0.286659084,-0.38481083,-0.203925517,0.720034112
Gene.95,2,0.619336275,0.803325549,0.103368859,0.429360427,0.604447359
Gene.96,3,0.603435368,0.03309876,-0.438268341,-0.43982167,0.595736963
Gene.97,5,0.905486554,0.372405112,-0.284551027,-0.133646665,0.726485236
Gene.98,2,0.49487357,0.784447865,0.231154007,0.486542122,0.443780062
Gene.99,2,0.432234695,0.797708338,0.113400482,0.408737315,0.562834543
Gene.100,3,0.522478461,0.447988542,-0.181173474,0.014877528,0.608571518
Gene.101,3,0.077600596,0.08571723,-0.497630565,-0.274914638,0.466976922
Gene.102,3,0.305811883,0.574852582,0.3019105,0.436219409,0.266089812
Gene.103,3,0.601368549,0.30267257,-0.137417639,-0.120128803,0.568978922
Gene.104,3,0.534784979,0.186463096,-0.595218631,-0.365197018,0.757141588
Gene.105,3,0.392495362,0.317959268,-0.333942156,-0.17664771,0.605669419
Gene.106,5,0.885647191,0.609875899,0.039862128,0.247291561,0.587316461
Gene.107,3,0.48719563,0.23793753,-0.480244366,-0.28740643,0.684481771
Gene.108,3,0.361744905,0.656193584,-0.05596139,0.195175705,0.609098998
Gene.109,3,0.555921475,0.488374529,-0.326889887,-0.038036345,0.723624825
Gene.110,4,0.634201693,-0.242788601,-0.402084732,-0.585675941,0.453056983
Gene.111,3,0.055486265,-0.099100641,-0.506473749,-0.365507009,0.392552118
Gene.112,2,0.257138206,0.944215219,0.361252892,0.777666804,0.32995317
Gene.113,2,0.366012595,0.922969068,0.283918227,0.683865387,0.429596716
Gene.114,5,0.952982884,0.318599826,-0.186493635,-0.086741079,0.592685722
Gene.115,1,0.373979698,0.179065936,-0.740697823,-0.38212238,0.753797795
Gene.116,5,0.798797528,0.501629688,-0.097167724,0.120749867,0.612726178
Gene.117,3,0.538720965,0.499657919,-0.254093545,-0.03152272,0.708872933
Gene.118,3,0.454964007,0.561611681,-0.453741654,0.02447614,0.776334374
Gene.119,5,0.85254363,0.655247059,-0.102604753,0.196164684,0.718591281
Gene.120,3,0.588462719,0.109813468,-0.4728983,-0.409406289,0.635173821
Gene.121,2,0.449319472,0.767262381,-0.175821774,0.291012358,0.693273626
Gene.122,5,0.912649263,0.135689759,-0.31218171,-0.258662626,0.557654318
Gene.123,3,0.54610244,0.568898965,-0.355883743,0.008250083,0.785324145
Gene.124,3,0.297178914,0.494763938,-0.449527293,-0.042548694,0.727373807
Gene.125,5,0.854311973,-0.023374664,-0.283857542,-0.333356565,0.432322344
Gene.126,3,0.438027298,0.424127175,-0.346930634,-0.107420273,0.730579406
Gene.127,2,0.282956259,0.842382567,0.18689214,0.539837613,0.447682151
Gene.128,3,0.460855367,0.421770078,-0.229845789,-0.027807249,0.669297203
Gene.129,3,0.534908128,0.59950027,-0.390457749,-0.00809536,0.847388765
Gene.130,2,0.609193336,0.776963048,-0.211061485,0.248734581,0.783520491
Gene.131,2,0.294351598,0.930845632,0.26937863,0.666280972,0.424077655
Gene.132,3,0.649535519,0.331763048,-0.533523188,-0.247090621,0.81357894
Gene.133,3,0.584099297,0.143316551,-0.352451911,-0.344029076,0.651498054
Gene.134,3,0.61543681,0.29339031,-0.636289026,-0.349712566,0.872634982
Gene.135,3,0.305169107,0.273842839,-0.170205066,-0.103991596,0.533807458
Gene.136,5,0.703018641,-0.133230533,-0.647704566,-0.597114254,0.61922049
Gene.137,2,0.167466163,0.926095433,0.536690106,0.881667337,0.149831707
Gene.138,3,0.571150977,0.225985828,-0.458722005,-0.236829225,0.707477711
Gene.139,3,0.309591145,0.585143455,0.141140233,0.311455865,0.396899994
Gene.140,5,0.880447277,-0.059282708,-0.389550129,-0.42349985,0.525116036
Gene.141,2,0.382460921,0.80284622,-0.122138808,0.293581556,0.714046776
Gene.142,3,0.442050058,0.399412032,-0.259986899,-0.12806389,0.701252574
Gene.143,3,0.603361315,0.043811871,-0.235220117,-0.353711876,0.514097064
Gene.144,3,0.348487095,0.176928758,-0.503574785,-0.290347576,0.660139529
Gene.145,3,0.532943448,0.396586918,-0.591301301,-0.249696487,0.862797946
Gene.146,3,0.561195374,0.429404807,-0.302963475,-0.057204902,0.691330007
Gene.147,3,0.441640244,0.595692814,-0.032215634,0.266618035,0.452018597
Gene.148,3,-0.008904473,0.56221714,0.303640362,0.439076624,0.138877829
Gene.149,2,0.420114798,0.865147546,0.252780659,0.531061994,0.491889857
Gene.150,3,0.43981273,0.575189183,-0.24800746,0.023623605,0.717583857
Gene.151,5,0.927254176,0.340266655,-0.007270835,0.042607223,0.478793149
Gene.152,3,0.293848312,0.201285076,-0.167445269,-0.128015148,0.468408668
Gene.153,1,0.477278824,0.030310821,-0.712766387,-0.515018037,0.707788492
Gene.154,3,0.547045304,0.485647793,-0.299412743,-0.06006376,0.77086307
Gene.155,2,0.289841677,0.945956798,0.395017187,0.75737271,0.329107045
Gene.156,3,0.399433396,0.581215541,0.214708764,0.400782954,0.320588036
Gene.157,3,0.515388168,0.46618512,-0.377121067,-0.029142464,0.71513515
Gene.158,3,0.286761471,-0.028536368,-0.455058819,-0.422404319,0.524865872
Gene.159,1,0.089370491,-0.079046959,-0.684612862,-0.430629069,0.45994011
Gene.160,3,-0.387145527,0.070074612,0.450737678,0.487509668,-0.474417213
Gene.161,4,0.194127571,0.78583002,0.405467478,0.738342547,0.166149135
Gene.162,5,0.865354269,0.066300018,-0.133314388,-0.185407415,0.37622084
Gene.163,4,0.056541268,0.810049219,0.628984118,0.88085836,0.011793766
Gene.164,1,-0.392315035,0.013233669,0.800872171,0.549870385,-0.726804298
Gene.165,5,0.781749169,0.213736857,-0.388296971,-0.283774534,0.676739136
Gene.166,3,0.220133722,-0.016667273,-0.503536986,-0.432126444,0.563761112
Gene.167,3,-0.364172419,-0.354329566,0.147569947,0.024502832,-0.480725229
Gene.168,3,0.07768633,0.201798374,-0.078570422,-0.053114719,0.334808353
Gene.169,2,0.424261618,0.816141293,0.21915897,0.502375603,0.471960283
Gene.170,2,0.255556502,0.83238295,0.177045236,0.515784548,0.439217023
Gene.171,2,0.197740711,0.926089035,0.506140636,0.864841422,0.184362507
Gene.172,2,0.380239814,0.822473392,0.108265525,0.460322415,0.506738906
Gene.173,3,0.002328917,0.463592523,-0.117358345,0.219459217,0.329697519
Gene.174,5,0.80928584,0.707189386,0.156856425,0.421010139,0.476917
Gene.175,5,0.884272363,0.1424317,-0.124603364,-0.124765733,0.402688928
Gene.176,5,0.910518356,0.216116366,-0.331610623,-0.22524447,0.650215775
Gene.177,4,0.061801093,0.586393082,0.389494168,0.611935476,0.062953647
Gene.178,3,0.572222201,0.278106581,-0.255983465,-0.122126699,0.561434756
Gene.179,3,-0.493485968,-0.259850734,0.357753731,0.17660313,-0.62117691
Gene.180,2,0.206041289,0.927201749,0.511347088,0.867068996,0.187841394
Gene.181,3,-0.024431442,0.144728478,-0.569097443,-0.226578233,0.519529873
Gene.182,3,0.665973835,0.308605402,-0.313844999,-0.211358425,0.715338894
Gene.183,3,0.564892602,-0.097696644,-0.621853971,-0.533579831,0.573569194
Gene.184,3,0.69108304,0.285574552,-0.283424634,-0.162619967,0.625829352
Gene.185,5,0.879241845,0.46110609,0.057807918,0.18096052,0.487418194
Gene.186,2,0.174841495,0.829895854,0.331020003,0.707333047,0.287706215
Gene.187,3,0.374242609,0.204151179,-0.033890377,-0.099342389,0.413815038
Gene.188,3,0.62675595,0.420081694,-0.393515727,-0.111103009,0.76011477
Gene.189,5,0.80841429,0.644490243,0.205415852,0.393489579,0.427417732
Gene.190,4,0.484356761,-0.321602128,-0.390174742,-0.587827505,0.357222562
Gene.191,3,0.388224834,0.464556605,-0.449996969,-0.028097005,0.674538687
Gene.192,2,0.150634972,0.886077853,0.287103176,0.698283736,0.319069044
Gene.193,2,0.310120392,0.888059932,0.393484866,0.757493817,0.279123421
Gene.194,3,0.323633935,0.226795853,-0.203181854,-0.061680717,0.445733073
Gene.195,4,-0.358202903,0.517038216,0.585457937,0.819117762,-0.32085355
Gene.196,3,0.319301374,-0.038473972,-0.395963843,-0.327762991,0.439085123
Gene.197,3,0.021300593,0.183169145,0.133182677,0.039088989,0.168816931
Gene.198,5,0.794683482,-0.132889349,-0.303793899,-0.418787841,0.396255586
Gene.199,3,0.576956302,0.199370362,-0.574774569,-0.32867848,0.737676061
Gene.200,1,0.434871491,-0.338611356,-0.767990333,-0.723858171,0.482608616
Gene.201,3,0.364324384,0.591595619,0.035348395,0.230554655,0.490778021
Gene.202,4,-0.340197114,0.291619655,0.630884575,0.737521899,-0.47437469
Gene.203,3,0.052845398,-0.005836564,-0.618948146,-0.375105547,0.467562664
Gene.204,4,0.504401106,-0.345328252,-0.260206062,-0.579121523,0.259013543
Gene.205,1,0.128778461,-0.106227793,-0.685249712,-0.542337432,0.554170422
Gene.206,4,-0.37957762,0.358060326,0.827003242,0.800273545,-0.539321656
Gene.207,3,-0.031011947,0.129006484,-0.418739698,-0.110559921,0.344021362
Gene.208,5,0.696661706,0.452152877,-0.371544062,-0.043654133,0.715515356
Gene.209,3,0.322105571,0.239115979,-0.597535389,-0.259310497,0.668279829
Gene.210,3,0.505595713,0.039086779,-0.629391995,-0.45807895,0.673486759
Gene.211,1,-0.371105381,0.277971461,0.882858874,0.806316068,-0.644040463
Gene.212,2,-0.065030493,0.515185733,0.098614538,0.429899421,0.217696676
Gene.213,2,0.193110975,0.888391791,0.574190358,0.853985382,0.135867491
Gene.214,5,0.818436728,0.145105753,-0.50407595,-0.315181225,0.680296983
Gene.215,3,0.613965968,0.210026991,-0.091518085,-0.14530751,0.456278707
Gene.216,3,0.3330702,0.618672828,-0.179309831,0.221197915,0.584250143
Gene.217,5,0.886684841,0.428063056,-0.17379523,-0.008473796,0.646473387
Gene.218,4,-0.027592756,0.466816868,0.634362479,0.752767448,-0.26626056
Gene.219,3,0.364916394,0.230240493,-0.594459405,-0.199819903,0.661676433
Gene.220,3,-0.34647604,0.1552642,0.111853813,0.2161748,-0.040577456
Gene.221,3,0.371939481,0.461442551,-0.352153401,0.031242949,0.629009993
Gene.222,3,0.659550614,0.555352654,0.182970886,0.2953261,0.43943136
Gene.223,5,0.827557155,0.382170369,-0.342971023,-0.138925811,0.745086619
Gene.224,3,0.490501766,0.254461994,-0.186357029,-0.162381555,0.563693845
Gene.225,3,0.435038502,0.159873004,-0.208328396,-0.14679485,0.43984121
Gene.226,5,0.805371458,0.119507975,-0.539407475,-0.337230684,0.665495006
Gene.227,3,0.289960087,0.459402778,-0.428542874,0.043563845,0.618559336
Gene.228,3,0.238912727,-0.0444597,-0.439608193,-0.355895762,0.456955908
Gene.229,2,0.442464985,0.798237005,0.065306091,0.462627959,0.512556112
Gene.230,2,0.252362215,0.875689693,0.370166051,0.718910315,0.254835739
Gene.231,3,-0.340356263,-0.199314261,0.696542287,0.316389107,-0.712516809
Gene.232,5,0.778024116,0.734536771,0.281829005,0.525708032,0.410876184
Gene.233,3,0.45728327,0.334614117,-0.499587982,-0.125529093,0.69251247
Gene.234,4,-0.43658286,0.332428275,0.759651069,0.783630422,-0.556895079
Gene.235,5,0.775641368,0.614648302,0.249189941,0.438251139,0.369409269
Gene.236,2,0.416206264,0.850774821,0.484719405,0.68422587,0.287873464
Gene.237,5,0.95149637,0.34640533,-0.169187473,-0.011770548,0.571539515
Gene.238,5,0.826569556,0.627096168,0.054015131,0.240377298,0.568338785
Gene.239,1,-0.06731642,0.252952457,0.76204264,0.683408601,-0.473826528
Gene.240,2,0.229816617,0.941996419,0.491855062,0.827391701,0.233169468
Gene.241,3,0.439771293,0.575153337,0.073714404,0.237542836,0.511978289
Gene.242,2,0.308512749,0.75859429,0.139981407,0.511019787,0.3546997
Gene.243,3,-0.456062971,-0.41374111,0.503655848,0.08209069,-0.70561605
Gene.244,4,-0.106301581,0.563588346,0.693457495,0.863869298,-0.275928769
Gene.245,3,-0.435466797,-0.509962982,0.464619767,-0.023144259,-0.742570598
Gene.246,2,0.273247292,0.842033533,0.199321395,0.624174454,0.382654655
Gene.247,3,0.037398289,0.438182527,-0.240426071,0.176574258,0.416264699
Gene.248,2,0.293395088,0.919234207,0.17297669,0.60345729,0.486183242
Gene.249,1,-0.296273829,0.162622524,0.799095642,0.607738214,-0.564733645
Gene.250,3,0.43686147,0.508176083,0.299649683,0.322916108,0.238684209
Gene.251,3,0.14589063,0.558932042,0.251589531,0.351128521,0.317817823
Gene.252,5,0.764367164,0.06848112,-0.431656785,-0.346396582,0.58940593
Gene.253,3,0.490318757,0.491400448,-0.50776412,-0.006847695,0.742505013
Gene.254,2,0.165561229,0.714594094,0.199950042,0.537740512,0.343508112
Gene.255,4,-0.246348709,0.347930168,0.69286091,0.766720909,-0.424747252
Gene.256,3,-0.366783737,-0.445083812,0.458436898,0.024461014,-0.685436719
Gene.257,3,-0.410834798,0.103763627,0.595381695,0.544544559,-0.53275669
Gene.258,3,0.312870993,0.131149487,-0.377497312,-0.200020161,0.482635292
Gene.259,3,0.040620078,0.197789608,-0.277104861,-0.098645723,0.416246659
Gene.260,4,-0.331932638,0.52802627,0.606195957,0.841868335,-0.334695634
Gene.261,3,0.054399267,0.19487437,-0.292087078,-0.025989561,0.329336503
Gene.262,3,0.522996971,-0.031696071,-0.5931369,-0.445065599,0.583325369
Gene.263,4,-0.372348931,0.312485036,0.59435145,0.689710363,-0.47660085
Gene.264,5,0.866684319,0.119023729,-0.487272782,-0.315710516,0.648492823
Gene.265,2,0.203789657,0.849858675,0.405816537,0.762191627,0.244838321
Gene.266,1,-0.392871508,0.15109985,0.889024231,0.664883015,-0.692450057
Gene.267,1,-0.412281964,0.121980493,0.723819518,0.580961228,-0.595655201
Gene.268,3,0.513075208,0.455556747,-0.262147484,-0.044123569,0.650987806
Gene.269,4,-0.171973785,0.508244167,0.853678128,0.875295431,-0.39930066
Gene.270,3,-0.507725432,-0.350604325,0.245085311,0.041199086,-0.502588912
Gene.271,1,0.574044939,0.011469017,-0.705591073,-0.516219901,0.723297672
Gene.272,1,-0.205079855,0.33536995,0.89495927,0.793384253,-0.551627846
Gene.273,3,0.382910339,-0.119474498,-0.473944899,-0.554853654,0.525759323
Gene.274,3,-0.578165187,0.00175617,0.350176334,0.374953594,-0.456639028
Gene.275,3,0.331276197,0.266485096,-0.602884032,-0.256325401,0.721260924
Gene.276,3,0.483084894,0.258162032,-0.559638859,-0.270576524,0.730336653
Gene.277,3,0.552504868,-0.127490312,-0.582534938,-0.539109227,0.582907853
Gene.278,2,0.396607255,0.924343452,0.350332951,0.739432475,0.353045273
Gene.279,3,0.191036494,0.158934261,-0.432863031,-0.170824149,0.505785298
Gene.280,4,-0.077841634,0.616374076,0.774771679,0.929092795,-0.315359268
Gene.281,3,-0.34967553,-0.216680275,0.285997288,0.154016099,-0.453697065
Gene.282,2,0.185805714,0.895065884,0.550461813,0.850952798,0.126904622
Gene.283,1,0.147167049,-0.124240619,-0.760456452,-0.510685001,0.503149695
Gene.284,3,-0.106227237,-0.205064369,0.159387741,0.038029447,-0.273667761
Gene.285,2,0.431960799,0.806593312,0.115435713,0.474940628,0.530525461
Gene.286,3,0.199877045,0.473074146,-0.284525338,0.102712411,0.586826955
Gene.287,1,-0.448783443,0.130098192,0.630441892,0.552522345,-0.587598103
Gene.288,4,-0.367973021,0.410971635,0.727539364,0.812117453,-0.438296981
Gene.289,5,0.730786915,0.225276069,-0.167954388,-0.103219592,0.450651358
Gene.290,1,-0.376550129,-0.075123788,0.713877925,0.417029014,-0.677266445
Gene.291,4,-0.389255681,0.293166064,0.703163885,0.723981849,-0.533623184
Gene.292,4,-0.32490153,0.408296903,0.63173506,0.748522328,-0.39761717
Gene.293,4,-0.243561798,0.422144316,0.503280387,0.711831738,-0.273030624
Gene.294,3,0.378469199,0.336306882,-0.119054391,-0.00810348,0.396488009
Gene.295,3,0.443432265,0.296890204,-0.375480591,-0.207723697,0.700037934
Gene.296,3,0.570560393,0.063007038,-0.083306927,-0.130451415,0.308564287
Gene.297,4,-0.13995073,0.59364752,0.843406407,0.931970337,-0.348285321
Gene.298,3,0.262836006,0.241587591,-0.15835749,-0.142441335,0.512410497
Gene.299,4,-0.068308395,0.73028255,0.536199655,0.7515901,0.031253972
Gene.300,3,0.321046953,0.057217244,-0.122135876,-0.185743671,0.377355885
Gene.301,5,0.808346064,0.731938147,0.182106521,0.407523119,0.533290525
Gene.302,5,0.915753636,0.142240267,-0.201548144,-0.171062023,0.494463906
Gene.303,4,-0.037272252,0.435895648,0.588022218,0.72832423,-0.269473818
Gene.304,3,0.358310588,0.173932278,-0.387632661,-0.241234867,0.552590446
Gene.305,4,0.017825296,0.482549783,0.469917776,0.695471473,-0.170931774
Gene.306,3,-0.453688029,-0.334434997,0.199263092,0.032565199,-0.497828803
Gene.307,1,0.380188298,-0.033652065,-0.676540212,-0.514961516,0.651856315
Gene.308,2,0.507185861,0.766641935,0.359276518,0.589474736,0.34291162
Gene.309,3,0.340053077,0.482756849,0.132475439,0.332793327,0.326845666
Gene.310,4,-0.015955473,0.751844741,0.74668593,0.96098026,-0.183057239
Gene.311,4,-0.139385132,0.686197237,0.749200377,0.94130286,-0.246256303
Gene.312,3,-0.527171133,0.247285842,0.50108624,0.574674908,-0.411309153
Gene.313,3,0.469497468,-0.082205876,-0.192550955,-0.389715995,0.350902985
Gene.314,3,0.03516124,0.12457609,-0.458443219,-0.143786767,0.388735487
Gene.315,2,0.022478747,0.73794567,0.403619065,0.652368386,0.156292325
Gene.316,3,0.57048707,0.228438781,-0.451238057,-0.235010955,0.66567942
Gene.317,3,-0.039506797,0.046506608,0.491344264,0.392525719,-0.365549093
Gene.318,4,-0.120355174,0.52907855,0.841373145,0.895033707,-0.410108046
Gene.319,1,-0.065236196,0.382129168,0.888631986,0.776937466,-0.449666678
Gene.320,4,-0.114548545,0.584512948,0.841522676,0.938240097,-0.38302136
Gene.321,5,0.88269482,0.120762988,-0.459164344,-0.311758293,0.646299583
Gene.322,3,-0.638974271,-0.430408399,0.460768899,0.065764661,-0.770003838
Gene.323,4,-0.039018485,0.674437491,0.74354377,0.949128436,-0.250382263
Gene.324,3,0.221518651,0.615398882,-0.223958408,0.225996325,0.541847588
Gene.325,3,0.067037569,0.505771704,-0.045427642,0.368548559,0.288074721
Gene.326,3,0.550902662,0.114564916,-0.255737255,-0.204612666,0.46736554
Gene.327,4,-0.055517632,0.701344027,0.794484035,0.955130182,-0.242422972
Gene.328,3,-0.247694704,0.185486658,0.653562426,0.543606639,-0.453244686
Gene.329,3,-0.567879507,-0.572487942,0.323273825,-0.083946213,-0.708317719
Gene.330,2,0.527743825,0.717641551,0.348676002,0.523347612,0.335743226
Gene.331,4,0.064790551,0.761800577,0.682403337,0.909710709,-0.069534431
Gene.332,3,0.29323553,0.154622064,-0.545586785,-0.341903328,0.679079007
Gene.333,4,-0.145771773,0.596557478,0.873060336,0.943450774,-0.369786597
Gene.334,4,-0.021931257,0.499899307,0.702514558,0.826551104,-0.296649041
Gene.335,3,-0.308414427,0.227685704,0.33802131,0.530548173,-0.289279399
Gene.336,3,-0.387225128,-0.203611952,0.515733777,0.25744461,-0.600085411
Gene.337,3,-0.527469454,0.046839543,0.455475099,0.394095553,-0.49206089
Gene.338,4,-0.181945729,0.155651985,0.647760527,0.616211029,-0.493616384
Gene.339,5,0.69664008,-0.172157028,-0.486289724,-0.530229717,0.484760532
Gene.340,4,-0.575187927,0.147202142,0.669115598,0.617097983,-0.599021975
Gene.341,4,-0.033521621,0.610313514,0.683489047,0.89881673,-0.261870302
Gene.342,3,0.40640077,0.310406247,-0.42979127,-0.221651589,0.730563698
Gene.343,3,0.49830759,0.19411952,-0.23064321,-0.151908334,0.516470151
Gene.344,3,0.276707692,-0.040254988,-0.37184214,-0.413784089,0.423501516
Gene.345,3,0.226354487,0.538282485,-0.013141024,0.268001677,0.365311263
Gene.346,3,-0.444741187,-0.47902902,0.379853692,-0.016244655,-0.68890313
Gene.347,3,0.664498495,0.200987825,-0.196517292,-0.20524938,0.583175678
Gene.348,4,0.230435294,0.552924641,0.466323599,0.734868749,-0.053178299
Gene.349,5,0.72495205,0.012272336,-0.475695783,-0.458300544,0.656785372
Gene.350,3,0.482059901,0.195318757,-0.448473834,-0.273949713,0.585267561
Gene.351,4,-0.277888094,0.282689316,0.618650618,0.629902228,-0.45517738
Gene.352,1,0.02592362,0.284070115,0.635420645,0.550742108,-0.272642691
Gene.353,3,0.513939688,0.55866738,0.011573796,0.205863808,0.533135657
Gene.354,3,-0.503543324,-0.307543392,0.669710736,0.213686789,-0.756645492
Gene.355,4,-0.028350513,0.651823389,0.820531865,0.959460356,-0.304576184
Gene.356,3,0.67405368,0.630891291,-0.117010669,0.169388732,0.697302798
Gene.357,3,-0.425501493,-0.215141216,0.197236217,0.120456101,-0.446495618
Gene.358,1,-0.158916031,0.388491104,0.919336041,0.781101752,-0.475770562
Gene.359,3,0.370956342,0.114212407,-0.385691255,-0.291338947,0.517820404
Gene.360,4,-0.199334644,0.362508899,0.745001531,0.753900539,-0.398087661
Gene.361,4,-0.326963278,0.41848548,0.670058044,0.805277338,-0.465589085
Gene.362,3,-0.479436355,-0.443793963,0.481704719,0.016338157,-0.719557434
Gene.363,4,-0.265652287,0.529726485,0.746616376,0.863723305,-0.365456786
Gene.364,3,0.011481112,0.302328989,0.493375085,0.559812926,-0.221813006
Gene.365,1,-0.325982064,0.247352011,0.824302125,0.723312536,-0.57205768
Gene.366,3,0.461701521,-0.006539653,-0.612998301,-0.491862277,0.618066369
Gene.367,3,-0.531850561,-0.034641149,0.53790583,0.460580653,-0.612304247
Gene.368,3,-0.006117721,0.318688885,0.046741675,0.42140417,0.001213374
Gene.369,1,-0.188704783,-0.176477254,0.751269459,0.309313673,-0.646678794
Gene.370,5,0.639194622,0.012389755,-0.370680226,-0.326072114,0.525597567
Gene.371,5,0.824355664,0.491762342,0.092711114,0.302805906,0.372635944
Gene.372,2,0.267124152,0.778355871,0.037814084,0.550263184,0.407810872
Gene.373,3,0.608766701,0.278305598,-0.126327819,-0.003196614,0.48321078
Gene.374,4,-0.251192787,0.398511083,0.782067785,0.798820526,-0.496635257
Gene.375,3,0.373607346,0.013663991,-0.533738842,-0.478751377,0.652487701
Gene.376,4,-0.00432426,0.709735979,0.757576285,0.961186482,-0.221803052
Gene.377,2,0.259895528,0.768707635,0.157007761,0.462471465,0.449682496
Gene.378,3,-0.440031137,-0.342979066,0.14928562,0.005006481,-0.4619433
Gene.379,4,-0.093997219,0.57580028,0.802698061,0.880733058,-0.322385079
Gene.380,4,0.222161348,0.71026462,0.656020573,0.877516204,-0.072349496
Gene.381,2,0.316888674,0.950957207,0.457035653,0.809511275,0.295896526
Gene.382,1,-0.208695319,0.178703417,0.874610903,0.660697033,-0.575345302
Gene.383,4,-0.175472658,0.629900995,0.783772087,0.941554067,-0.346807307
Gene.384,4,-0.147121366,0.289957631,0.602463205,0.666834725,-0.371892343
Gene.385,2,0.173044335,0.925330611,0.535014819,0.872255687,0.16221475
Gene.386,2,0.524407799,0.819484436,0.432601837,0.652036414,0.32944265
Gene.387,1,-0.426285675,0.206973418,0.885489219,0.707367551,-0.659942292
Gene.388,3,-0.47371762,-0.296345188,0.25934404,0.068221831,-0.45856851
Gene.389,4,-0.039919452,0.66073219,0.679421547,0.91209737,-0.211389562
Gene.390,3,-0.474850354,-0.485570231,-0.113409773,-0.218914317,-0.388816932
Gene.391,1,-0.250846894,0.035634482,0.871864739,0.536812364,-0.639807545
Gene.392,1,-0.077998093,0.398458731,0.924662991,0.785207582,-0.479949821
Gene.393,2,0.41066091,0.907935207,0.170522882,0.631762258,0.474181607
Gene.394,4,-0.364075926,0.345039603,0.672179312,0.74299731,-0.510488836
Gene.395,1,-0.001228085,0.536788446,0.884029214,0.866093873,-0.353238778
Gene.396,3,0.373177998,0.108902496,-0.312846239,-0.289451467,0.518508448
Gene.397,2,0.199150164,0.920801452,0.453578589,0.833547744,0.229168297
Gene.398,1,-0.110126325,-0.090970468,0.74498285,0.353527865,-0.599803022
Gene.399,5,0.777485442,0.761141224,0.142341788,0.471217756,0.532372555
Gene.400,2,0.297135963,0.935277386,0.405427633,0.770420586,0.310526663
Gene.401,4,0.016717741,0.652638758,0.774175414,0.933375912,-0.24880235
Gene.402,4,-0.193455086,0.559077765,0.580695881,0.81571241,-0.25100249
Gene.403,1,-0.159945141,0.084763814,0.868069591,0.533377336,-0.58991137
Gene.404,1,-0.22178723,0.125830368,0.794379267,0.583951354,-0.5532032
Gene.405,3,0.486917279,0.302934113,-0.59331315,-0.235791172,0.773227419
Gene.406,1,-0.244378977,0.319542325,0.894254725,0.783229197,-0.558881554
Gene.407,3,0.607340213,0.283767922,-0.084318919,-0.100288242,0.517320949
Gene.408,3,-0.666083134,-0.136791977,0.565618763,0.35728043,-0.679846498
Gene.409,1,-0.340840743,0.036867595,0.809096908,0.56585787,-0.706240456
Gene.410,4,0.026575082,0.758911802,0.724156586,0.970056607,-0.170057733
Gene.411,4,0.236629382,0.892182864,0.528344167,0.89060923,0.127096059
Gene.412,3,-0.21518877,-0.105078838,0.645222234,0.365085885,-0.631987133
Gene.413,3,0.652229034,0.1633059,-0.475343323,-0.331135606,0.695475245
Gene.414,4,0.190607083,0.676538686,0.622275923,0.82725521,-0.074457708
Gene.415,3,0.412382047,0.417711674,0.280663864,0.401944021,0.109747984
Gene.416,2,0.504452082,0.722212008,0.308158345,0.518465189,0.349507439
Gene.417,5,0.840935421,0.09540016,-0.215250562,-0.244360463,0.50161995
Gene.418,4,-0.42072187,0.316534552,0.691550659,0.726046222,-0.485089365
Gene.419,3,-0.231100201,-0.067285164,0.455759832,0.279879461,-0.377160175
Gene.420,3,-0.280884196,0.085178848,0.247622878,0.349035007,-0.324634263
Gene.421,3,-0.054442997,0.174891005,-0.537282332,-0.168597032,0.453990159
Gene.422,4,-0.140327107,0.695921779,0.568191057,0.857430121,-0.127874664
Gene.423,4,-0.108635688,0.388018637,0.455790541,0.628471062,-0.203898077
Gene.424,4,-0.014978342,0.620366743,0.566255845,0.7882264,-0.15381179
Gene.425,2,0.58061152,0.777982886,-0.022759862,0.429922036,0.589064561
Gene.426,2,0.364875586,0.815681373,0.104069353,0.508477578,0.469451052
Gene.427,3,-0.338715345,-0.631201591,0.193836029,-0.265925738,-0.538426207
Gene.428,3,-0.438560618,-0.408530561,0.349997943,0.021347348,-0.600947754
Gene.429,4,-0.06804188,0.611492776,0.75255816,0.882926163,-0.284328113
Gene.430,3,-0.119419548,-0.322228164,0.335809885,0.011538511,-0.424970678
Gene.431,5,0.743862766,-0.021750482,-0.422873889,-0.368351355,0.52411032
Gene.432,4,-0.057301674,0.475798385,0.685848486,0.778921312,-0.311333535
Gene.433,1,-0.56896449,-0.017986151,0.791537845,0.531328904,-0.756904699
Gene.434,3,-0.409036089,0.012310573,0.525970682,0.460450072,-0.5211994
Gene.435,2,0.572267213,0.790983396,0.146347029,0.451716313,0.552450176
Gene.436,3,0.092171894,0.134486234,-0.043796019,0.136127326,0.08965944
Gene.437,3,0.431275268,0.551271778,0.016965228,0.214248936,0.48780029
Gene.438,3,0.308674584,-0.013928529,-0.379382677,-0.356960318,0.432297051
Gene.439,1,-0.41705353,0.075072492,0.896209764,0.597289538,-0.706217378
Gene.440,4,0.249463449,0.546818521,0.560149371,0.747986662,-0.098018238
Gene.441,3,0.225144161,0.716441917,0.007101925,0.359055241,0.534104164
Gene.442,2,0.232822122,0.787598572,0.332817781,0.653487906,0.214945005
Gene.443,5,0.893569438,0.402056458,-0.112377376,0.062562384,0.579937797
Gene.444,1,-0.030255509,0.520615556,0.892844715,0.842032538,-0.365728786
Gene.445,4,-0.17856057,0.432501598,0.725283471,0.802936281,-0.391041637
Gene.446,2,0.339619375,0.833934769,0.224392155,0.573725151,0.407850388
Gene.447,1,-0.122490308,0.390364638,0.940993011,0.80522705,-0.51642833
Gene.448,4,-0.115294655,0.543074775,0.661280815,0.819692869,-0.23984251
Gene.449,4,0.070335192,0.624029043,0.732680514,0.86417766,-0.211725426
Gene.450,4,0.044958105,0.638647334,0.827341387,0.939346149,-0.284049181
Gene.451,5,0.631009001,0.617417597,0.093444575,0.353612661,0.448105684
Gene.452,4,-0.336078232,0.221194372,0.645258108,0.659151983,-0.503989248
Gene.453,3,-0.654841918,0.055198865,0.631880274,0.517645258,-0.625668491
Gene.454,4,0.039937071,0.726297254,0.74124253,0.948209523,-0.161787225
Gene.455,4,-0.037790436,0.652209055,0.77566499,0.941080228,-0.261108773
Gene.456,5,0.691767545,0.666274692,0.022554514,0.29154358,0.616642157
Gene.457,3,0.32526884,0.136023309,-0.31041152,-0.306563328,0.542829002
Gene.458,4,-0.088192646,0.681394736,0.529299386,0.870584016,-0.143220607
Gene.459,3,0.457515064,0.590266616,0.001870677,0.199819551,0.585602995
Gene.460,4,-0.123536269,0.671524983,0.772574371,0.942110265,-0.262883937
Gene.461,4,0.15627699,0.874595742,0.584217632,0.896618307,0.087918604
Gene.462,4,-0.027529751,0.668995922,0.844134166,0.940312284,-0.27940681
Gene.463,4,-0.192413721,0.554641506,0.697149419,0.873236403,-0.35322469
Gene.464,3,0.094371242,-0.024119151,-0.552584018,-0.258126488,0.326182107
Gene.465,2,0.039243648,0.892759622,0.389602775,0.791632184,0.221689217
Gene.466,4,0.259539211,-0.401211611,-0.448341059,-0.6226604,0.290831208
Gene.467,3,0.454749898,0.215529038,-0.010925077,-0.133494781,0.427803977
Gene.468,4,-0.215330201,0.585130852,0.834566269,0.919660069,-0.380476668
Gene.469,4,-0.004438375,0.694581519,0.740976658,0.925503956,-0.194671025
Gene.470,3,-0.135966325,-0.001266017,-0.142769552,0.105203876,-0.070707738
Gene.471,4,-0.012579841,0.601057934,0.590979449,0.82998715,-0.182504895
Gene.472,1,-0.145655996,0.426592295,0.95961439,0.825642132,-0.484452386
Gene.473,3,-0.431729316,-0.208135686,0.59517976,0.253573053,-0.635377141
Gene.474,2,0.600675937,0.775836933,0.186698133,0.491862214,0.489579562
Gene.475,1,-0.145366169,0.341026011,0.940858223,0.768052546,-0.536414407
Gene.476,3,-0.063991139,-0.375979073,-0.302790281,-0.520321315,0.105250239
Gene.477,1,-0.075527521,0.534597705,0.921857398,0.906175636,-0.413513
Gene.478,3,-0.52009123,0.097251659,0.697193953,0.583112448,-0.622413391
Gene.479,4,-0.545137437,0.163420761,0.471423784,0.596365465,-0.494381042
Gene.480,1,-0.158105,0.095786508,0.822946309,0.498376176,-0.552722473
Gene.481,4,-0.120380459,0.598424479,0.676810462,0.862508176,-0.272857516
Gene.482,1,0.069294105,0.452935545,0.891031389,0.812087639,-0.384540459
Gene.483,4,-0.072404368,0.540642172,0.682432359,0.851866044,-0.28121927
Gene.484,4,-0.146883655,0.585131408,0.777848911,0.926617305,-0.340768464
Gene.485,3,-0.460757705,-0.402589498,0.222983465,0.039415196,-0.631950065
Gene.486,4,-0.169866574,0.703393825,0.277533579,0.681908462,0.098820663
Gene.487,3,0.002820593,0.100637735,-0.040769181,0.201143876,-0.060988332
Gene.488,1,-0.395392702,0.203221965,0.701970015,0.598339241,-0.523677943
Gene.489,3,0.30732935,0.001737961,-0.035626985,-0.219869163,0.246701975
Gene.490,4,0.187250525,0.888099965,0.595906911,0.898583223,0.101700453
Gene.491,4,-0.041713329,0.740402288,0.735181677,0.961426202,-0.180225085
Gene.492,3,-0.500577607,-0.112085194,0.522932654,0.331833273,-0.579715734
Gene.493,4,-0.28307277,0.571378756,0.761870063,0.925828151,-0.374744966
Gene.494,3,-0.254282178,-0.388333047,0.269027974,-0.02499122,-0.52272977
Gene.495,4,0.135478779,0.711641625,0.632965826,0.856588139,-0.084142846
Gene.496,3,0.37608922,-0.044685146,-0.51235425,-0.38878434,0.493768562
Gene.497,3,0.436455366,0.15485807,-0.684493535,-0.327354795,0.691170769
Gene.498,4,-0.133224218,0.61527726,0.726683724,0.906865422,-0.272533702
Gene.499,4,-0.331769356,0.305435628,0.633465045,0.655163651,-0.449666102
Gene.500,4,-0.270005545,0.526482139,0.6349595,0.835688036,-0.325189585
Gene.501,4,0.045882552,0.687886835,0.69478422,0.911952161,-0.154859906
Gene.502,4,-0.083569942,0.709903667,0.723769909,0.963842225,-0.229796556
Gene.503,4,-0.01418266,0.747245835,0.705952056,0.947477932,-0.170143628
Gene.504,4,0.02875292,0.752787526,0.573998015,0.8884322,-0.070904524
Gene.505,2,0.174526688,0.736251016,0.273864259,0.541000262,0.314379177
Gene.506,4,-0.066119979,0.638169573,0.868163601,0.942149788,-0.313305789
Gene.507,3,0.309772272,0.054385971,0.116963825,0.049483591,0.04042671
Gene.508,1,-0.323075791,0.137431463,0.909280414,0.610217173,-0.607320191
Gene.509,4,-0.351080968,0.52099765,0.789194877,0.884771541,-0.41864442
Gene.510,3,-0.661373481,-0.217501678,0.185968443,0.120108593,-0.47952665
Gene.511,4,0.024247732,0.772208567,0.684774912,0.94747052,-0.126133718
Gene.512,4,-0.167678379,0.665166699,0.579086008,0.878797563,-0.177196679
Gene.513,3,0.052922872,-0.015128842,-0.659448252,-0.352056928,0.459255381
Gene.514,4,-0.050501126,0.677481087,0.817410994,0.966474798,-0.274107562
Gene.515,4,-0.094819017,0.666580956,0.745626848,0.930658703,-0.269707989
Gene.516,3,-0.527627851,-0.376466194,0.547207612,0.145941352,-0.759633461
Gene.517,3,0.039072544,0.311279848,0.386060581,0.503754673,-0.15227078
Gene.518,1,-0.155694434,0.420980164,0.915189548,0.800372301,-0.467282781
Gene.519,3,0.161663085,0.104835642,-0.022123018,0.188243048,0.017646435
Gene.520,3,0.545981441,-0.067288185,-0.552355633,-0.506047106,0.584016273
Gene.521,3,-0.382246895,-0.508657821,0.000207248,-0.272049338,-0.392959428
Gene.522,3,0.24483976,-0.065682539,-0.524992509,-0.418372783,0.505195287
Gene.523,4,-0.082735026,0.582828589,0.856651931,0.924822868,-0.372787061
Gene.524,3,0.254270468,-0.040576338,-0.589262412,-0.46718637,0.548398321
Gene.525,2,0.079021522,0.696630164,0.398397901,0.591900203,0.186789766
Gene.526,1,-0.270908215,-0.111666201,0.740615049,0.339394862,-0.660698607
Gene.527,4,-0.025614943,0.743733946,0.755539599,0.975939893,-0.183783938
Gene.528,4,-0.048185465,0.408040848,0.767904017,0.759520158,-0.360657594
Gene.529,4,-0.008484804,0.731841567,0.715725812,0.97328421,-0.199614686
Gene.530,4,-0.113204315,0.646189861,0.797669339,0.94074143,-0.276599412
Gene.531,4,-0.224574251,0.517339367,0.806365584,0.881444066,-0.416017868
Gene.532,4,-0.043485043,0.645095253,0.816595776,0.912165542,-0.259911339
Gene.533,1,-0.204027959,0.029080602,0.858412511,0.488806448,-0.609440564
Gene.534,4,0.062318721,0.635821966,0.646498232,0.878767881,-0.19456791
Gene.535,4,0.005047942,0.623595431,0.711396908,0.881707545,-0.204076825
Gene.536,4,-0.143136694,0.619373746,0.607134529,0.836050155,-0.212994291
Gene.537,3,-0.301047442,-0.238758646,0.513731356,0.231972222,-0.622162991
Gene.538,3,0.034412078,0.206887715,0.056341945,0.092053019,0.137547865
Gene.539,2,0.118684974,0.895050994,0.373417892,0.796416547,0.234560392
Gene.540,4,-0.157070185,0.515699,0.749378733,0.820317421,-0.363161296
Gene.541,1,0.381330593,-0.158301382,-0.694194388,-0.604298866,0.598211764
Gene.542,4,-0.025237108,0.653522902,0.764551453,0.906113195,-0.227393202
Gene.543,3,0.417230286,0.367870024,-0.371789643,-0.062693892,0.631238853
Gene.544,4,0.126363664,0.752243295,0.660330224,0.926864847,-0.094860556
Gene.545,4,-0.035115309,0.73376932,0.697636205,0.964854249,-0.178057948
Gene.546,4,-0.078257998,0.688695113,0.808286123,0.950694638,-0.25501769
Gene.547,4,-0.338771106,0.390226361,0.731779523,0.786717173,-0.484227954
Gene.548,4,0.265866404,0.701672882,0.386028921,0.629263377,0.221524206
Gene.549,4,-0.129318425,0.682944524,0.724446951,0.921448604,-0.218172445
Gene.550,1,-0.064645424,0.496057446,0.938507989,0.840013586,-0.4056214
Gene.551,3,-0.324379063,-0.101935013,0.549252068,0.236001598,-0.46431567
Gene.552,4,-0.03663226,0.738811685,0.739897272,0.974581865,-0.207010181
Gene.553,3,0.406178498,0.069756107,0.019582887,-0.114741908,0.261665017
Gene.554,4,-0.045854379,0.623971758,0.846138805,0.928968401,-0.30434192
Gene.555,4,0.043443101,0.715336497,0.574040442,0.910561615,-0.109003641
Gene.556,4,0.07651525,0.368134569,0.558369771,0.56993356,-0.169044027
Gene.557,4,-0.436054919,0.2489134,0.439052072,0.612926277,-0.423845782
Gene.558,4,-0.134673529,0.417213002,0.589625891,0.68383637,-0.309796427
Gene.559,5,0.701646037,0.43858935,-0.167881772,0.049745145,0.598317455
Gene.560,3,0.480849839,0.43314891,0.116433744,0.161275555,0.327300135
Gene.561,4,-0.060081762,0.733956646,0.700854746,0.965106398,-0.197275847
Gene.562,4,-0.197959981,0.568730001,0.690186682,0.879399038,-0.294386612
Gene.563,1,-0.32211931,-0.057928415,0.779794727,0.388042616,-0.634388861
Gene.564,1,-0.121613382,-0.204137257,0.685638609,0.265452525,-0.608899959
Gene.565,3,-0.191766739,-0.170966825,0.674401729,0.242056355,-0.581318396
Gene.566,4,0.077242402,0.611142725,0.839459619,0.912410087,-0.276160712
Gene.567,5,0.759068809,0.765139578,0.248990422,0.497022522,0.471060816
Gene.568,4,-0.032546205,0.714966537,0.687199533,0.936252099,-0.189882669
Gene.569,3,-0.457291963,0.071424062,0.55405666,0.419057654,-0.493913694
Gene.570,3,0.024393199,0.575095338,-0.018617887,0.415606076,0.326659442
Gene.571,4,-0.051579457,0.548148425,0.804526321,0.872671988,-0.310976325
Gene.572,4,-0.076701334,0.685305218,0.779813688,0.919926871,-0.201434079
Gene.573,1,-0.188308351,0.004621841,0.869463914,0.448458799,-0.603554737
Gene.574,4,-0.266885671,0.296426953,0.702795853,0.698129371,-0.47997224
Gene.575,2,0.513249829,0.831425326,0.443549787,0.748139561,0.235091182
Gene.576,3,-0.360072856,-0.099070672,0.390340957,0.333344228,-0.501567579
Gene.577,3,0.282627818,0.156232245,0.08597203,0.245497168,0.016998385
Gene.578,1,-0.085891497,0.566429855,0.918806805,0.904355895,-0.378761541
Gene.579,3,0.519697506,0.620794466,0.096499578,0.26297182,0.52231322
Gene.580,4,-0.079257728,0.536427772,0.809551891,0.890803348,-0.360639042
Gene.581,3,-0.104566719,-0.138617229,-0.040994163,-0.043299417,-0.079869807
Gene.582,3,-0.01010013,0.282148197,0.390458913,0.500873671,-0.155293262
Gene.583,4,0.108047215,0.764160563,0.649491574,0.912726157,-0.063253297
Gene.584,4,0.049857333,0.748715969,0.748205897,0.966858985,-0.165008607
Gene.585,4,-0.011738153,0.721430472,0.637197474,0.928777913,-0.136126123
Gene.586,4,0.0086573,0.692721057,0.80929312,0.938797913,-0.232600411
Gene.587,4,0.10822524,0.779773765,0.641860817,0.949875369,-0.084783076
Gene.588,4,-0.087646434,-0.394273127,-0.544053266,-0.530903835,0.170640647
Gene.589,4,-0.060450023,0.513383164,0.820887031,0.842740782,-0.352885498
Gene.590,4,0.080908189,0.762056492,0.719175579,0.95159478,-0.129548985
Gene.591,3,-0.296185046,-0.494456548,-0.104072525,-0.266769704,-0.356838724
Gene.592,4,-0.309366608,0.415960053,0.816469034,0.83427852,-0.499928596
Gene.593,3,0.27945189,0.538429128,-0.184356619,0.190514402,0.54552166
Gene.594,4,0.048512671,0.693177095,0.645417779,0.900257381,-0.15514544
Gene.595,4,-0.145262235,0.393669999,0.709872575,0.721860775,-0.358870808
Gene.596,4,-0.021734381,0.711971626,0.715588604,0.921013085,-0.142285057
Gene.597,4,0.052028427,0.674739941,0.633057061,0.896679908,-0.1630719
Gene.598,3,0.48148665,0.120014966,-0.64666934,-0.351313778,0.666913411
Gene.599,4,0.025644978,0.625419171,0.745429468,0.856802541,-0.208265985
Gene.600,3,0.12044505,0.395651817,0.060894132,0.313272171,0.238007487
Gene.601,1,-0.253239531,0.428388801,0.893574335,0.844916483,-0.513453763
Gene.602,4,-0.002278747,0.699332782,0.790421442,0.958067095,-0.232050382
Gene.603,3,0.158322015,0.109587376,-0.273544656,-0.259976615,0.407937044
Gene.604,4,-0.235607384,0.512238915,0.827900634,0.907921882,-0.445869196
Gene.605,3,-0.459110258,-0.092595136,0.451217756,0.288398135,-0.543063477
Gene.606,5,0.727465466,0.470613273,0.255900591,0.365900344,0.246669813
Gene.607,3,-0.49736956,-0.477565271,0.514899687,-0.008453957,-0.703083385
Gene.608,4,-0.362420637,0.29612264,0.681958128,0.684456214,-0.444726248
Gene.609,4,-0.112701227,0.455720569,0.827458355,0.80917322,-0.408166631
Gene.610,4,-0.127481232,0.562971386,0.83915275,0.916682316,-0.35863207
Gene.611,4,-0.194584707,0.63645532,0.774247909,0.950995831,-0.312136511
Gene.612,4,-0.080228145,0.738775067,0.68732514,0.973174977,-0.198779811
Gene.613,4,0.02142298,0.708833994,0.610882992,0.923939885,-0.143102028
Gene.614,1,-0.103125942,0.427044189,0.948421803,0.818943478,-0.475748679
Gene.615,1,-0.396775552,-0.062656298,0.747496398,0.393321782,-0.634371405
Gene.616,3,-0.040626127,-0.286839103,0.56321924,0.081798371,-0.532146758
Gene.617,1,-0.117781921,0.521161782,0.893196317,0.875133944,-0.390023022
Gene.618,3,-0.139284771,-0.212695668,-0.569170801,-0.450758115,0.288190733
Gene.619,3,-0.332323442,-0.006481932,0.141673358,0.194970416,-0.215905823
Gene.620,4,-0.05748748,0.494681393,0.595058318,0.777400757,-0.235250144
Gene.621,1,0.004307638,0.319199633,0.91568531,0.672183663,-0.449836771
Gene.622,1,-0.22689684,0.168267664,0.629716434,0.523091853,-0.393369229
Gene.623,4,0.029088078,0.677968738,0.640702022,0.895086723,-0.170718479
Gene.624,3,-0.661277608,-0.27781113,0.174420091,0.041155093,-0.423877698
Gene.625,4,-0.321258352,0.517041921,0.562214037,0.824469273,-0.315290567
Gene.626,4,0.159885564,0.661299667,0.633622364,0.843906558,-0.098888253
Gene.627,4,-0.190592951,0.443892081,0.611681661,0.749015311,-0.319980425
Gene.628,3,0.59231512,0.29862398,-0.291835183,-0.075458424,0.607965611
Gene.629,2,0.639651212,0.784304848,0.24512114,0.573249334,0.433865261
Gene.630,4,-0.029194403,0.67888183,0.744713093,0.926972142,-0.250706899
Gene.631,4,-0.224544798,0.275239471,0.645668357,0.677158446,-0.4349517
Gene.632,3,0.328841499,-0.1825593,-0.43059765,-0.501726006,0.417292251
Gene.633,4,-0.039215939,0.543343842,0.662228001,0.830429842,-0.26591422
Gene.634,4,-0.038159112,0.727754085,0.766370031,0.967079468,-0.22706027
Gene.635,3,-0.212987918,-0.644104015,0.02841751,-0.315491185,-0.467081675
Gene.636,4,-0.068611804,0.685923091,0.800931782,0.958972263,-0.266998926
Gene.637,3,0.363370087,-0.257309906,0.095962753,-0.145026668,-0.124411063
Gene.638,2,0.145054758,0.909337962,0.566448091,0.899586656,0.112146624
Gene.639,4,-0.173430239,0.606282654,0.520498859,0.837636783,-0.201563111
Gene.640,2,0.376545028,0.680149762,0.335382758,0.545604635,0.301760519
Gene.641,1,-0.361212717,0.324630293,0.820901567,0.769189669,-0.541624117
Gene.642,4,-0.102507615,0.697287371,0.714774357,0.952846387,-0.230618766
Gene.643,4,-0.003924837,0.758193969,0.748438965,0.959844217,-0.150861515
Gene.644,1,-0.465601549,0.102801018,0.755971948,0.57040037,-0.604774963
Gene.645,4,-0.046768067,0.654747756,0.639016091,0.897833718,-0.176781028
Gene.646,4,-0.053717349,0.57615004,0.895223544,0.925880773,-0.378253563
Gene.647,4,-0.19683313,0.512993968,0.597375585,0.81766572,-0.340191111
Gene.648,4,-0.084490658,0.645107593,0.788403368,0.911741088,-0.278704811
Gene.649,4,-0.092079332,0.630821284,0.847992789,0.936459326,-0.305284842
Gene.650,2,0.468965765,0.832072878,0.218984001,0.570752811,0.453232877
Gene.651,3,-0.485439009,-0.28969418,0.186105139,0.078413254,-0.441914548
Gene.652,4,-0.316423023,0.430729845,0.638610624,0.777648388,-0.351887224
Gene.653,4,-0.186091577,0.550182694,0.824384112,0.916486888,-0.391777706
Gene.654,4,0.038461235,0.803134941,0.682252143,0.963218877,-0.103018256
Gene.655,3,0.210381191,-0.092906966,0.191130958,-0.017402348,-0.104274066
Gene.656,3,-0.013858122,0.14189931,0.531128506,0.479753393,-0.392342871
Gene.657,5,0.734496829,0.28922408,0.123535686,0.076810005,0.34653999
Gene.658,3,-0.374221315,-0.424880266,0.572055494,0.023097421,-0.672206048
Gene.659,4,-0.294341818,0.482703257,0.514980996,0.767665375,-0.291835036
Gene.660,5,0.839887019,0.032108534,-0.396411847,-0.354413599,0.577768643
Gene.661,4,-0.031819266,0.740349835,0.74706933,0.973201203,-0.200511559
Gene.662,2,0.342447063,0.914798979,0.351195813,0.754218077,0.322831898
Gene.663,5,0.678967426,0.434294623,0.129726307,0.207038518,0.338483809
Gene.664,1,-0.215125668,0.42646395,0.895107234,0.801786259,-0.46072631
Gene.665,3,-0.398879881,0.00924507,0.332877276,0.316550633,-0.357868082
Gene.666,4,-0.151967392,0.462121144,0.789786776,0.856018172,-0.454959507
Gene.667,1,-0.032187162,0.324981161,0.836703635,0.689674506,-0.421175709
Gene.668,3,0.291422918,0.568740315,0.081056272,0.315793374,0.360497503
Gene.669,2,0.456464422,0.901573511,0.305336304,0.644933902,0.403820762
Gene.670,4,-0.060689652,0.582024092,0.910635038,0.931635314,-0.372469603
Gene.671,1,0.003940055,0.108535328,0.821811414,0.504320085,-0.501761298
Gene.672,4,-0.017944611,0.589827453,0.873693644,0.899978731,-0.333989189
Gene.673,1,-0.160206023,0.452581143,0.896531506,0.815404203,-0.418244927
Gene.674,3,-0.494297218,-0.147463449,0.714541739,0.350684537,-0.672499475
Gene.675,4,0.1491016,0.74784698,0.740408468,0.941234395,-0.130395306
Gene.676,2,0.475452651,0.753668117,0.079453736,0.421483303,0.549465824
Gene.677,4,0.004299368,0.65685495,0.64898799,0.895037931,-0.175351252
Gene.678,4,-0.280000573,0.510343539,0.751723045,0.857531325,-0.395518253
Gene.679,3,-0.588112322,-0.218647428,0.098220753,0.077263401,-0.395706553
Gene.680,4,-0.191780793,0.57132334,0.820337118,0.894260996,-0.346142238
Gene.681,3,0.015551255,0.238925416,0.47850578,0.490609274,-0.254699214
Gene.682,1,-0.380173663,-0.012666274,0.787921179,0.468481228,-0.634333816
Gene.683,2,0.284375029,0.68477736,0.262075841,0.445868023,0.314050842
Gene.684,4,-0.2120458,0.483413475,0.829655086,0.831135542,-0.402501339
Gene.685,3,-0.363222382,-0.565347043,-0.181426918,-0.329555756,-0.377184306
Gene.686,1,-0.189586065,0.37283275,0.831911074,0.722416244,-0.411526644
Gene.687,4,-0.044149623,0.713416539,0.7578381,0.954833907,-0.205004426
Gene.688,4,-0.371929582,0.252555889,0.583102955,0.63167979,-0.524508146
Gene.689,4,-0.009227231,0.702271079,0.84852383,0.967461579,-0.263280374
Gene.690,3,0.098004054,-0.131457933,0.542148426,0.128371277,-0.35215562
Gene.691,3,0.309606469,0.31403572,-0.541249958,-0.10022736,0.609107141
Gene.692,2,0.417854855,0.791254376,0.061889459,0.43615763,0.548623647
Gene.693,4,-0.03656096,0.682007373,0.690059816,0.922211354,-0.208514047
Gene.694,4,-0.076071092,0.669116853,0.819196375,0.966904432,-0.309235215
Gene.695,4,0.003978679,0.604623851,0.88923206,0.917892346,-0.333620766
Gene.696,3,-0.226901618,-0.192506675,0.131294316,0.050561143,-0.24265661
Gene.697,4,-0.130938198,0.395915319,0.628695073,0.731763408,-0.37553034
Gene.698,1,-0.301850021,0.159206426,0.887523756,0.665743943,-0.628058677
Gene.699,4,-0.01655388,0.509859324,0.652840704,0.810007965,-0.247932235
Gene.700,1,-0.023594003,0.282006265,0.849393949,0.66683444,-0.46091653
Gene.701,3,-0.051203341,0.373538001,0.325272916,0.517083367,-0.083186672
Gene.702,4,-0.176728675,0.368559832,0.440805499,0.658394104,-0.324996351
Gene.703,1,-0.042032007,0.44264571,0.891206402,0.814746002,-0.430967723
Gene.704,3,0.052304475,-0.056869591,-0.627910275,-0.343178269,0.382487054
Gene.705,4,-0.077324632,0.610725132,0.775796735,0.925182045,-0.308383195
Gene.706,4,0.080136027,0.724684774,0.777662881,0.964233777,-0.189722412
Gene.707,4,-0.055838914,0.752008579,0.628362076,0.904783998,-0.128607001
Gene.708,1,-0.209773826,0.195920461,0.855855657,0.613105578,-0.507289359
Gene.709,4,-0.05897303,0.587958465,0.617027655,0.835341571,-0.195484874
Gene.710,4,0.169904715,0.784618601,0.699780299,0.945778442,-0.078612677
Gene.711,4,0.015571825,0.733220215,0.731027527,0.928062532,-0.181212887
Gene.712,1,-0.189674378,-0.051496769,0.830186846,0.404409774,-0.641764557
Gene.713,3,0.129048045,0.652941154,0.386210187,0.469066051,0.257023028
Gene.714,3,0.33588626,-0.006088838,-0.11243001,-0.238215911,0.301622216
Gene.715,4,-0.124499619,0.712905858,0.681636833,0.942349144,-0.194326481
Gene.716,1,-0.194728799,0.455373303,0.875140382,0.853822012,-0.465282681
Gene.717,4,0.09567163,0.548296713,0.651770467,0.811188949,-0.226895244
Gene.718,3,0.667459542,0.560855522,-0.302280226,0.101651199,0.666358843
Gene.719,4,0.019194695,0.740619503,0.775792655,0.97408786,-0.204329466
Gene.720,3,0.001797299,0.244579687,-0.369496123,-0.048402374,0.416919041
Gene.721,4,-0.160021676,0.420682728,0.464659402,0.657247631,-0.2121494
Gene.722,3,-0.283527611,-0.550849514,-0.041390065,-0.236857423,-0.400836441
Gene.723,4,-0.432955869,0.267302448,0.532920291,0.634317576,-0.411534889
Gene.724,4,-0.067343943,0.675463405,0.707816874,0.887137342,-0.206245564
Gene.725,4,-0.057249798,0.618687625,0.895422675,0.950334254,-0.352663443
Gene.726,4,-0.064062005,0.476894577,0.761056924,0.813337846,-0.315067474
Gene.727,3,-0.606675993,-0.252450993,0.435166237,0.208656978,-0.630415669
Gene.728,1,-0.111571182,0.426683834,0.858671082,0.771116529,-0.399585394
Gene.729,2,0.31928158,0.828095831,-0.012373555,0.513934747,0.507408665
Gene.730,4,0.058766177,0.776442327,0.689387923,0.956536303,-0.125193101
Gene.731,4,0.09794518,0.671893558,0.794529951,0.928191319,-0.231572382
Gene.732,4,-0.068386792,0.632078754,0.7178174,0.922583576,-0.262777885
Gene.733,5,0.919975054,0.218550319,-0.426084688,-0.262819986,0.71013499
Gene.734,1,0.045065995,0.514831121,0.871085706,0.856858166,-0.346837751
Gene.735,3,-0.048067298,-0.322863547,0.103046876,-0.124554959,-0.228713127
Gene.736,4,-0.062069225,0.66709854,0.620144007,0.875729558,-0.133491266
Gene.737,4,-0.086791081,0.729441982,0.720470174,0.940373161,-0.198432131
Gene.738,3,0.375121806,0.135965582,-0.371680844,-0.143542798,0.422548473
Gene.739,4,-0.255155791,0.547163881,0.665426494,0.875859185,-0.378886675
Gene.740,4,-0.067625803,0.60864685,0.576175263,0.851660035,-0.172119905
Gene.741,3,-0.48460091,-0.343721496,0.396275175,0.092936308,-0.589694765
Gene.742,1,-0.187270837,0.391500301,0.956241703,0.804383552,-0.522964985
Gene.743,3,-0.528264375,0.02573764,0.584221237,0.484386701,-0.574212392
Gene.744,4,-0.222485251,0.582655053,0.526217836,0.810311701,-0.202161664
Gene.745,4,0.168483244,0.795248781,0.711835129,0.93884295,-0.056911365
Gene.746,4,0.055411304,0.642523958,0.661807701,0.871884287,-0.173418676
Gene.747,4,0.022218225,0.714547088,0.806576533,0.95307652,-0.226567114
Gene.748,3,-0.284893876,0.262169891,0.407576047,0.57775018,-0.380673451
Gene.749,3,0.251986788,-0.114508976,-0.48434746,-0.338767333,0.303581858
Gene.750,1,-0.078856158,0.532934295,0.934526302,0.899074313,-0.421364823
Gene.751,3,-0.264574327,-0.07911732,0.226487857,0.208376169,-0.383608726
Gene.752,3,-0.571765812,-0.322656527,0.120825001,0.078663734,-0.543655175
Gene.753,3,-0.561097787,-0.265956706,0.41605478,0.138285345,-0.632363054
Gene.754,4,-0.143969808,0.461439092,0.476102149,0.708836496,-0.174730487
Gene.755,3,-0.477230478,-0.376841689,0.317451165,0.04749649,-0.647951536
Gene.756,3,-0.113714689,-0.090276034,0.133447788,0.111107494,-0.177816113
Gene.757,4,-0.141818302,0.723235438,0.661012207,0.94446065,-0.196397826
Gene.758,4,-0.060927908,0.740497558,0.746125615,0.973237484,-0.201768269
Gene.759,4,-0.365393809,0.469057405,0.638393901,0.779331155,-0.331723566
Gene.760,3,0.329750101,-0.059663283,-0.465169544,-0.453657678,0.481749951
Gene.761,4,-0.103541769,0.675655459,0.813805691,0.945697401,-0.282652238
Gene.762,4,-0.274535655,0.546651989,0.695243298,0.854214799,-0.341198559
Gene.763,3,0.265252464,0.328252108,-0.06451358,0.044273435,0.440366136
Gene.764,4,-0.00041444,0.65432752,0.865162364,0.937464011,-0.302817598
Gene.765,1,-0.259775499,0.189707916,0.838900144,0.627053834,-0.542230412
Gene.766,2,0.297129597,0.852526746,0.236836079,0.648435773,0.376542297
Gene.767,3,0.350148129,0.454528316,-0.189454338,0.218911818,0.411111191
Gene.768,3,0.671527679,0.13225578,-0.317567081,-0.270927544,0.529564622
Gene.769,1,-0.085663081,0.314148258,0.938340657,0.726271145,-0.512782958
Gene.770,1,0.135593188,-0.004628589,0.711333183,0.335598917,-0.423354967
Gene.771,4,-0.121969518,0.604846913,0.840970803,0.933919918,-0.331789483
Gene.772,4,-0.084904686,0.702124294,0.755314819,0.951686053,-0.222078697
Gene.773,4,-0.320976595,0.503814716,0.475873938,0.724962967,-0.205672096
Gene.774,4,-0.029435408,0.371897522,0.723264815,0.714509407,-0.409894989
Gene.775,3,-0.492458481,-0.472533494,-0.19938502,-0.258072426,-0.264257697
Gene.776,4,-0.095947553,0.690992645,0.706408919,0.928482704,-0.203864569
Gene.777,4,-0.060302031,0.722449525,0.772864014,0.9802065,-0.244031745
Gene.778,4,0.16281226,-0.263746267,-0.567104303,-0.607719815,0.4196473
Gene.779,3,0.356604319,0.183115681,0.058183155,-0.02809542,0.304170838
Gene.780,4,-0.178659507,0.551636058,0.631969531,0.782650437,-0.221394199
Gene.781,4,-0.564245194,0.224153767,0.56310266,0.615384017,-0.487711259
Gene.782,3,0.482683425,0.194668642,-0.339096392,-0.270514891,0.645845577
Gene.783,4,0.02892038,0.756917333,0.724444192,0.948843844,-0.157740285
Gene.784,4,0.245787569,0.641937999,0.516477091,0.74673143,0.003619658
Gene.785,4,0.042255903,0.694685905,0.795602987,0.943885008,-0.219786021
Gene.786,4,-0.11740295,0.45698758,0.7864711,0.793827177,-0.373608209
Gene.787,3,0.626915193,0.532627454,-0.402213104,-0.011223957,0.802495279
Gene.788,4,-0.065735863,0.597259151,0.885474551,0.939030058,-0.360632163
Gene.789,3,-0.085750514,0.359128092,0.120643392,0.30454381,0.075257999
Gene.790,4,-0.085257544,0.747723913,0.716526747,0.969224228,-0.201374299
Gene.791,4,-0.037631818,0.728531172,0.778173576,0.961328454,-0.201075018
Gene.792,4,-0.024114668,0.763502719,0.674843381,0.948844786,-0.145948466
Gene.793,4,-0.030661453,0.714804373,0.720108411,0.956516537,-0.220915856
Gene.794,1,-0.084017699,0.465832717,0.926404476,0.826234515,-0.402716951
Gene.795,1,0.004107971,0.391849189,0.928928934,0.762827764,-0.436423019
Gene.796,4,0.01137639,0.749176129,0.696941864,0.923356779,-0.140088199
Gene.797,4,-0.056523205,0.709591232,0.721027207,0.966245172,-0.228121718
Gene.798,3,-0.372652785,-0.188448563,0.415774655,0.170549267,-0.506263648
Gene.799,4,-0.062436169,0.739704926,0.751208953,0.969142283,-0.19771244
Gene.800,4,-0.081591548,0.717539255,0.774345617,0.972597254,-0.234791658
Gene.801,5,0.691460869,0.349576458,-0.237135362,0.045043271,0.546411099
Gene.802,3,-0.354310976,-0.341814193,0.404768916,0.087485471,-0.582198102
Gene.803,4,-0.110223328,0.704459925,0.724881344,0.944133949,-0.213652937
Gene.804,3,0.414650971,0.447941832,0.057838215,0.14767225,0.481855033
Gene.805,4,0.030577108,0.720379729,0.661018423,0.933053802,-0.157008788
Gene.806,1,-0.134410158,0.186764991,0.840703056,0.630291843,-0.565233951
Gene.807,1,-0.062771445,0.527019367,0.937358083,0.896828689,-0.411902935
Gene.808,4,-0.045876459,0.711133527,0.780198408,0.973237601,-0.240822874
Gene.809,2,0.336219524,0.907785864,0.200831663,0.683129831,0.418590789
Gene.810,2,0.242516431,0.926672699,0.510357508,0.849164648,0.201642069
Gene.811,2,0.200446945,0.74075704,0.425237295,0.652872249,0.183678125
Gene.812,5,0.933322695,0.279600569,-0.266776973,-0.117536904,0.614681084
Gene.813,1,-0.284412423,0.181484386,0.94318902,0.641027562,-0.610220005
Gene.814,3,-0.502279887,-0.106311566,0.299395081,0.262401295,-0.495911123
Gene.815,4,0.152657088,0.639147571,0.51164916,0.784833479,-0.040021311
Gene.816,3,-0.305855318,-0.630958369,0.32332657,-0.19552796,-0.646467508
Gene.817,4,-0.130955787,0.645714401,0.791330995,0.912017358,-0.271432686
Gene.818,4,-0.007480409,0.763512815,0.688183989,0.948725582,-0.135242857
Gene.819,3,-5.41E-05,-0.112730938,-0.470426853,-0.350328128,0.295334883
Gene.820,4,-0.11103261,0.606540776,0.682057498,0.882817404,-0.298472742
Gene.821,4,-0.545100286,0.220745746,0.576334846,0.592545724,-0.492423359
Gene.822,4,-0.149557521,0.575408912,0.815264182,0.894540798,-0.34582221
Gene.823,4,0.067129701,0.772378992,0.685122043,0.918827094,-0.104079811
Gene.824,4,-0.006508887,0.718510038,0.688616584,0.935684676,-0.171027545
Gene.825,4,-0.075287,0.519743008,0.815552201,0.844091486,-0.353323423
Gene.826,4,0.11994114,0.752257298,0.708235737,0.93284026,-0.117050913
Gene.827,4,-0.117597752,0.579002417,0.684965097,0.866068175,-0.256658174
Gene.828,4,0.173823644,0.695532642,0.465453448,0.766214938,0.046911875
Gene.829,4,0.046164503,0.643004094,0.510104381,0.755489247,-0.101382156
Gene.830,3,0.47590648,0.130924808,-0.547264445,-0.29852271,0.611769898
Gene.831,3,-0.424496219,-0.043564099,0.639767899,0.356499444,-0.596144779
Gene.832,4,-0.05775331,0.67627978,0.714373907,0.948515852,-0.230847442
Gene.833,1,-0.076788515,0.572655477,0.920216208,0.905395888,-0.374077771
Gene.834,4,0.172266997,0.591901033,0.745029338,0.821089905,-0.166327152
Gene.835,3,-0.484244938,-0.518227575,0.158737273,-0.116088384,-0.589642116
Gene.836,4,-0.096807229,0.717266547,0.721172199,0.95620869,-0.202470959
Gene.837,4,-0.036665939,0.688831541,0.808001389,0.95918296,-0.261966627
Gene.838,4,-0.181547139,0.518881945,0.508785061,0.770388434,-0.265925453
Gene.839,4,0.130353005,0.815464226,0.513901046,0.866554309,0.059570362
Gene.840,4,-0.075910009,0.679274255,0.67344189,0.889935453,-0.211415221
Gene.841,4,-0.285166796,0.440806134,0.606046968,0.789957049,-0.366847752
Gene.842,3,0.341448264,-0.114194114,-0.197508483,-0.20576903,0.147961107
Gene.843,4,0.036314722,0.806012422,0.680739084,0.959020401,-0.094681047
Gene.844,4,-0.033876574,0.602054164,0.848254102,0.930857596,-0.321475188
Gene.845,3,-0.223904579,0.091156957,-0.197645714,0.169727451,-0.00858942
Gene.846,4,-0.005766535,0.747414454,0.781293396,0.977731963,-0.198537467
Gene.847,4,-0.05163245,0.730168954,0.765338449,0.983018893,-0.222562923
Gene.848,4,0.022728638,0.786301585,0.643297287,0.956991725,-0.102356667
Gene.849,4,0.125979181,0.778846331,0.666490554,0.901203127,-0.060520495
Gene.850,4,-0.0040225,0.747059896,0.736758396,0.974486273,-0.172346634
Gene.851,3,0.283724874,0.536366219,-0.211780723,0.096129002,0.588312339
Gene.852,4,0.0341832,0.731165001,0.745558334,0.955393806,-0.172521923
Gene.853,1,-0.116710005,0.554413687,0.898309609,0.881742847,-0.381352052
Gene.854,4,-0.280469063,0.391462602,0.512275293,0.698256113,-0.370361374
Gene.855,4,0.404406482,-0.385461872,-0.292049487,-0.551478769,0.222390926
Gene.856,4,-0.311723547,0.345433542,0.430620063,0.647910075,-0.333932852
Gene.857,4,-0.001864116,0.765183578,0.697473686,0.969653095,-0.15485628
Gene.858,4,0.08221278,0.709442888,0.648999446,0.900894483,-0.143216444
Gene.859,4,0.011760485,0.662560105,0.664213597,0.87431039,-0.169039655
Gene.860,4,0.000138921,0.704407624,0.832546665,0.957681981,-0.241780869
Gene.861,1,-0.234832489,0.092380715,0.75916953,0.550006445,-0.580772458
Gene.862,4,-0.034555162,0.392040287,0.606948349,0.689872209,-0.288491234
Gene.863,3,-0.215247787,-0.479671707,0.240418038,-0.146130129,-0.481055229
Gene.864,4,-0.252409532,0.281838271,0.571846921,0.575861323,-0.299223253
Gene.865,4,-0.061193878,0.540677081,0.603755901,0.786539079,-0.187319597
Gene.866,2,0.336520793,0.872036059,0.399063077,0.706439705,0.304543626
Gene.867,4,-0.082663983,0.713081493,0.584117834,0.917812028,-0.154930004
Gene.868,4,-0.052775455,0.666754736,0.836083667,0.948966439,-0.282293351
Gene.869,3,-0.591198374,-0.415722051,0.218949539,0.051080315,-0.607681796
Gene.870,4,-0.331713502,0.472746854,0.80461945,0.827409015,-0.399209936
Gene.871,5,0.839173117,0.398856673,-0.336349027,-0.073907221,0.706207115
Gene.872,5,0.65483207,0.196468772,-0.368065399,-0.283404651,0.638503148
Gene.873,4,-0.103512922,0.320916208,0.563219138,0.670313619,-0.320643237
Gene.874,4,-0.049386236,0.759526754,0.655663548,0.950003585,-0.132514038
Gene.875,4,0.035381505,0.527899872,0.608133993,0.770489945,-0.150930333
Gene.876,4,-0.046401346,0.715208014,0.683041604,0.93797478,-0.170824588
Gene.877,4,-0.220406881,0.489690742,0.610525926,0.837656153,-0.355960416
Gene.878,4,-0.282437738,0.499319084,0.772567771,0.874488842,-0.396216222
Gene.879,4,0.028909296,0.775188374,0.658918371,0.938908286,-0.116397426
Gene.880,3,-0.431181335,-0.092386994,0.408471375,0.291156494,-0.535816112
Gene.881,4,0.052797202,0.566713306,0.646600479,0.790141041,-0.222645554
Gene.882,4,-0.121313776,0.427242725,0.624007021,0.73106712,-0.305913282
Gene.883,4,-0.12145839,0.672128162,0.753414515,0.953652764,-0.278019428
Gene.884,3,-0.507594214,-0.631069464,0.195631165,-0.231982428,-0.598802531
Gene.885,4,0.005738848,0.749382795,0.743761789,0.951276846,-0.17097664
Gene.886,1,0.171961348,0.225910025,0.760581401,0.592407396,-0.410463893
Gene.887,4,-0.019831975,0.605021581,0.53228435,0.802422614,-0.121920719
Gene.888,3,-0.132184599,-0.04695227,0.287089119,0.194698165,-0.241841237
Gene.889,3,0.609635244,0.167772107,-0.238728257,-0.161225603,0.484244487
Gene.890,3,0.215457497,-0.257591294,0.024147822,-0.228291533,-0.047168913
Gene.891,4,-0.048442586,0.69000623,0.63452293,0.864453527,-0.13348615
Gene.892,4,-0.137659787,0.688493899,0.766292975,0.957636638,-0.270804762
Gene.893,4,-0.011999889,0.654822198,0.810852665,0.929446991,-0.251226703
Gene.894,2,0.191411501,0.937850292,0.507070508,0.877889087,0.19017588
Gene.895,3,-0.424208033,-0.269224606,0.531677048,0.224945859,-0.658864252
Gene.896,4,-0.001170186,0.583243173,0.859501803,0.865532617,-0.319710538
Gene.897,4,0.02126319,0.77953703,0.724496207,0.97361541,-0.150350084
Gene.898,5,0.743342348,0.488888035,0.311983393,0.327859934,0.301824952
Gene.899,4,-0.058028229,0.700749097,0.775206506,0.964164753,-0.261706167
Gene.900,2,0.278541111,0.887695951,0.274369407,0.717534068,0.357565523
Gene.901,3,-0.334364337,-0.175124358,0.478862721,0.283361349,-0.613122825
Gene.902,4,-0.047745019,0.67924879,0.758249852,0.923940028,-0.218256368
Gene.903,4,-0.032306232,0.700573407,0.751507813,0.944427201,-0.23932843
Gene.904,4,0.074314293,0.797674651,0.604007123,0.914169154,-0.037142349
Gene.905,4,-0.124476127,0.625740973,0.73952837,0.913521657,-0.265766831
Gene.906,5,0.779744022,0.53962138,0.030026132,0.255984741,0.488683068
Gene.907,1,-0.095482447,0.444580664,0.860321176,0.787237007,-0.417323576
Gene.908,4,0.017602914,0.765245348,0.760258427,0.971923532,-0.176966963
Gene.909,3,0.120116531,-0.157348419,-0.206540966,-0.359646115,0.245900792
Gene.910,4,-0.007771671,0.666283733,0.682512545,0.904215626,-0.172055547
Gene.911,3,-0.470582531,-0.099638358,0.582815437,0.317803093,-0.554468739
Gene.912,4,0.142681841,0.706997055,0.593203767,0.852173013,-0.058138619
Gene.913,4,-0.041823491,0.751952638,0.674987321,0.947262474,-0.16323774
Gene.914,4,0.010128431,0.573132892,0.756780811,0.873473027,-0.254709383
Gene.915,3,0.644016862,-0.010778297,-0.352744865,-0.383238969,0.523031803
Gene.916,4,0.009129636,0.718759197,0.814097256,0.966399657,-0.230690962
Gene.917,4,-0.004998886,0.751753478,0.771213086,0.963992243,-0.187401079
Gene.918,4,0.095924705,0.80780829,0.685570513,0.956119778,-0.07517064
Gene.919,4,0.045218231,0.707476601,0.800487389,0.962914118,-0.217398783
Gene.920,2,0.151279762,0.807607047,0.339892663,0.677837972,0.238044307
Gene.921,4,-0.029499247,0.659229757,0.878176891,0.950693364,-0.299324392
Gene.922,1,-0.173293874,0.428041026,0.910887931,0.798894934,-0.44037425
Gene.923,4,-0.143841217,0.673309129,0.811264339,0.9755304,-0.307511299
Gene.924,1,-0.021401728,0.547704113,0.899446364,0.885898709,-0.360426259
Gene.925,4,-0.391755019,0.355128502,0.481365232,0.661109114,-0.373283618
Gene.926,4,0.027343891,0.767822168,0.72080805,0.945160455,-0.128123171
Gene.927,1,-0.167106015,0.125229042,0.796439316,0.534586235,-0.550647245
Gene.928,1,-0.276754323,0.13844197,0.833554177,0.638107036,-0.624733003
Gene.929,1,-0.247313549,-0.032775797,0.759949126,0.436337179,-0.648768515
Gene.930,4,-0.099542381,0.625224732,0.733385685,0.861461262,-0.207280322
Gene.931,4,-0.07020848,0.617086695,0.801430236,0.893620633,-0.263124134
Gene.932,4,-0.061710915,0.586800964,0.795868285,0.871573403,-0.267869012
Gene.933,4,-0.099893551,0.720477301,0.509181086,0.882886746,-0.089896786
Gene.934,1,-0.149207664,-0.047545783,0.835188038,0.41847084,-0.610615153
Gene.935,4,-0.071627905,0.726454247,0.729419922,0.9689665,-0.211834308
Gene.936,5,-0.661219306,0.039589212,0.413360029,0.390104205,-0.520554854
Gene.937,3,-0.23983337,-0.248294724,0.194985282,0.087366771,-0.456430938
Gene.938,1,-0.36959468,-0.139939215,0.741662758,0.314452606,-0.659463607
Gene.939,3,-0.302331298,0.274234499,0.375707451,0.50845445,-0.22310818
Gene.940,3,-0.313100467,-0.045392061,0.237803243,0.202763864,-0.335050204
Gene.941,4,0.216581264,0.712057138,0.524075418,0.800647757,0.027730711
Gene.942,4,-0.18296851,0.613327458,0.736002792,0.888817717,-0.309317203
Gene.943,4,-0.199468804,0.413907336,0.410783433,0.659523249,-0.213931602
Gene.944,3,-0.386161908,-0.139075252,0.507500818,0.328658839,-0.600642658
Gene.945,5,0.79825136,0.356769718,-0.152103002,-0.026449077,0.552119338
Gene.946,4,0.006200093,0.697310684,0.826258739,0.95531498,-0.253308745
Gene.947,3,0.402070448,0.347910977,-0.109609035,0.03794833,0.493261687
Gene.948,4,0.008771524,0.757912938,0.743201019,0.975514586,-0.174582068
Gene.949,3,-0.326950833,0.110621595,0.431881886,0.343016178,-0.360044353
Gene.950,4,-0.101698437,0.67020393,0.777437536,0.960041686,-0.288512812
Gene.951,4,-0.052124172,0.489694792,0.381862212,0.652638173,-0.060512206
Gene.952,3,0.071819937,-0.085571456,0.314107866,0.184813968,-0.252071565
Gene.953,4,-0.035993176,0.688943162,0.819432674,0.934957947,-0.250050045
Gene.954,4,-0.247342809,0.448670772,0.828669386,0.85215519,-0.449488851
Gene.955,4,0.297093985,0.662077954,0.598641502,0.760643639,-0.016508855
Gene.956,4,-0.270196275,0.58165833,0.69363416,0.869141933,-0.287831937
Gene.957,3,-0.126320067,-0.304212826,0.301065001,-0.055201702,-0.333082965
Gene.958,4,-0.043125588,0.666410118,0.712648549,0.90447626,-0.177920031
Gene.959,3,0.678440887,0.357399938,-0.475585759,-0.162039821,0.721922696
Gene.960,4,0.020330959,0.768552249,0.716097291,0.959707492,-0.150130625
Gene.961,4,-0.075942394,0.590733319,0.826630685,0.898884204,-0.314479863
Gene.962,4,0.158571396,0.650939704,0.59505839,0.8399552,-0.137207667
Gene.963,4,0.065671418,0.773086998,0.718790011,0.967822417,-0.130621737
Gene.964,4,-0.059315466,0.649734923,0.733275938,0.862570733,-0.215275029
Gene.965,4,0.066238492,0.797360078,0.615526562,0.949561972,-0.064622825
Gene.966,4,-0.057976014,0.716306313,0.811040375,0.964648115,-0.242514365
Gene.967,3,0.555152225,0.047852936,-0.402627467,-0.360665623,0.542122223
Gene.968,4,-0.151176752,0.676749386,0.624393987,0.907909978,-0.202858355
Gene.969,4,0.185372061,0.824999137,0.595355852,0.915718718,0.013067599
Gene.970,4,0.409609226,0.855054586,0.554227412,0.847349175,0.148485482
Gene.971,4,-0.024028989,0.746366743,0.754214834,0.974397767,-0.18646824
Gene.972,4,0.009386091,0.706914907,0.772420492,0.967859312,-0.222458707
Gene.973,3,-0.428076633,-0.473441911,0.118039856,-0.142923039,-0.477567151
Gene.974,3,-0.365801365,0.069869701,0.442224283,0.37420536,-0.34359225
Gene.975,3,-0.461889948,0.060584166,0.418411545,0.412444092,-0.526212894
Gene.976,4,0.057537364,0.797007855,0.708637389,0.956155614,-0.111191752
Gene.977,3,-0.256900428,0.192558078,0.39790722,0.505271961,-0.40416777
Gene.978,4,-0.003935116,0.612331514,0.856281777,0.926390355,-0.3278216
Gene.979,3,-0.056337637,0.186285786,0.19000819,0.168447942,0.054116994
Gene.980,4,-0.128256919,0.675396868,0.814836071,0.936775052,-0.272763949
Gene.981,3,-0.402298497,-0.216370097,0.265233934,0.140774771,-0.410837354
Gene.982,4,0.05624128,0.781567236,0.686865692,0.958989173,-0.111012907
Gene.983,4,-0.006280293,0.708216831,0.578048447,0.89279369,-0.100028488
Gene.984,1,-0.200236817,-0.048496286,0.754475583,0.416378442,-0.64458619
Gene.985,1,-0.082271446,0.335621762,0.899370733,0.713518317,-0.457910711
Gene.986,4,-0.259845713,0.298046006,0.614719453,0.715106946,-0.476518718
Gene.987,1,-0.256546012,0.484607647,0.873784934,0.852111221,-0.439010157
Gene.988,1,-0.447342955,0.139203051,0.697787327,0.582838614,-0.572022581
Gene.989,4,0.047566285,0.72013841,0.779967104,0.958257066,-0.214280969
Gene.990,2,0.230683436,0.870508055,0.424601419,0.805001195,0.199067184
Gene.991,3,0.092099414,0.421301974,0.147009433,0.252755919,0.238053184
Gene.992,1,-0.184057314,0.47141221,0.891073469,0.835106194,-0.458788626
Gene.993,3,-0.358244921,-0.403559277,0.232452569,-0.119258931,-0.483466251
Gene.994,3,0.235148485,-0.183222223,0.12877917,-0.112916146,-0.096616207
Gene.995,4,-0.300686749,0.505363047,0.760562838,0.792889858,-0.371951855
Gene.996,4,-0.031593351,0.766020124,0.744458649,0.978047303,-0.175234029
Gene.997,4,-0.014594335,0.752413665,0.754260498,0.976925151,-0.193004392
Gene.998,4,-0.074650206,0.530150119,0.714047469,0.828240736,-0.26230888
Gene.999,4,-0.16420572,0.695734577,0.662085702,0.895900305,-0.17264992
Gene.1000,3,-0.351600208,-0.495648234,0.332608978,-0.062342706,-0.615568933
Gene.1001,4,-0.040783392,0.61467556,0.869811231,0.93854443,-0.335762615
Gene.1002,4,-0.145881523,0.581288349,0.397407635,0.691074191,-0.091490398
Gene.1003,1,-0.237416769,0.342823386,0.796315765,0.718690507,-0.418058073
Gene.1004,3,-0.484647139,-0.010633724,0.561466102,0.416136652,-0.573218858
Gene.1005,3,-0.496680713,0.156653041,0.520343163,0.499411973,-0.446778201
Gene.1006,4,0.186485535,0.805601578,0.66804322,0.896877787,-0.010574889
Gene.1007,4,0.080700586,0.75769208,0.658347668,0.917933869,-0.116853069
Gene.1008,4,-0.049969196,0.736219738,0.760230027,0.968747837,-0.203865682
Gene.1009,4,-0.095025962,0.329700964,0.575514326,0.5710627,-0.235904109
Gene.1010,1,-0.044378703,0.540048688,0.914051501,0.875700145,-0.390937079
Gene.1011,3,-0.017228563,0.409471352,0.483992562,0.5738238,-0.156627039
Gene.1012,1,-0.158842398,0.007650051,0.771284373,0.416260311,-0.522056058
Gene.1013,3,-0.092658919,-0.279307158,0.424911668,0.029684062,-0.412131573
Gene.1014,3,0.577777279,-0.192311072,-0.401041797,-0.507690087,0.443376205
Gene.1015,3,-0.296065529,-0.291701669,0.493765199,0.188687028,-0.617552343
Gene.1016,3,0.296790134,0.213107921,0.103339512,0.259275482,0.069259025
Gene.1017,4,0.144575391,0.872900066,0.617478842,0.904665374,0.068342839
Gene.1018,4,-0.115064271,0.401383054,0.733138226,0.729307422,-0.359453211
Gene.1019,4,-0.01548395,0.755298702,0.767686998,0.975914246,-0.179497297
Gene.1020,4,0.030494725,0.735457468,0.79302069,0.972722637,-0.206664096
Gene.1021,3,-0.28394173,-0.412935902,0.27860849,-0.021022948,-0.546776619
Gene.1022,4,-0.033662861,0.741971009,0.724220587,0.962575997,-0.165258323
Gene.1023,3,0.629821211,0.175592719,-0.43810715,-0.327530826,0.699607196
Gene.1024,2,0.285231945,0.829075678,0.265482572,0.567199664,0.409785067
Gene.1025,1,-0.418863494,0.16090507,0.696351614,0.614642333,-0.559511539
Gene.1026,4,-0.082418251,0.540818393,0.853624833,0.894905639,-0.403318573
Gene.1027,4,-0.010996404,0.769997985,0.704783899,0.973492203,-0.156922912
Gene.1028,4,-0.020967486,0.716044786,0.766628035,0.950498959,-0.196384288
Gene.1029,4,-0.06390094,0.752626197,0.702605028,0.962733397,-0.183111386
Gene.1030,3,0.445981237,0.366286677,-0.462469287,-0.095690322,0.632499449
Gene.1031,4,-0.180454149,0.606189165,0.552205829,0.842199891,-0.21765594
Gene.1032,1,-0.119381957,0.345987055,0.755604858,0.71006655,-0.401826007
Gene.1033,3,-0.086420589,-0.046353158,0.134757587,0.178612355,-0.223111953
Gene.1034,4,-0.004458938,0.741450075,0.787911092,0.971481217,-0.211369662
Gene.1035,4,-0.193383458,0.400314038,0.693878205,0.697194595,-0.321987609
Gene.1036,4,-0.033277131,0.689289015,0.676587962,0.89065163,-0.197243499
Gene.1037,4,-0.078001128,0.68852812,0.718563977,0.949497528,-0.248784423
Gene.1038,4,0.137068017,0.806566859,0.628104604,0.929561547,-0.040494338
Gene.1039,4,0.039810582,0.734924491,0.626359599,0.927432783,-0.138817875
Gene.1040,1,-0.377622495,-0.018891662,0.746809092,0.421560737,-0.608407644
Gene.1041,4,0.048913221,0.782121379,0.730793334,0.97889415,-0.142451179
Gene.1042,4,-0.255423779,0.557721264,0.454568656,0.781014399,-0.21732905
Gene.1043,3,-0.413547669,0.288209317,0.474802027,0.569279741,-0.327946543
Gene.1044,4,-0.293780253,0.370092228,0.547368632,0.653017735,-0.270991712
Gene.1045,4,-0.027783062,0.764058552,0.650119851,0.950425331,-0.134275955
Gene.1046,3,0.279122789,-0.028893388,-0.510899843,-0.320826319,0.4710741
Gene.1047,3,0.184004134,-0.073404003,0.012834063,-0.086643314,0.074580062
Gene.1048,2,0.44257436,0.704771694,-0.033162793,0.347649412,0.530302258
Gene.1049,4,-0.063435429,0.675742779,0.66382701,0.871595092,-0.198751476
Gene.1050,4,-0.517826298,0.182402522,0.654696497,0.630546679,-0.590423596
Gene.1051,4,-0.155171678,0.60954477,0.815667902,0.910760889,-0.352662538
Gene.1052,4,0.012661078,0.724635249,0.734393233,0.956833604,-0.194116967
Gene.1053,3,-0.129893407,0.188337508,0.647984203,0.548297631,-0.415066525
Gene.1054,4,-0.160326111,0.54929642,0.674357536,0.856035463,-0.29058972
Gene.1055,3,-0.304154211,0.251281421,0.438529731,0.58324905,-0.35870591
Gene.1056,3,-0.009008533,-0.283784648,0.396852685,0.02497906,-0.410407459
Gene.1057,4,-0.083759331,0.682793103,0.849928564,0.952295909,-0.285330114
Gene.1058,1,-0.04801706,0.529379795,0.918087027,0.886260567,-0.403431851
Gene.1059,4,0.135228041,0.618088346,0.724301218,0.845318707,-0.200429516
Gene.1060,1,-0.222460505,0.435882676,0.863554956,0.792540304,-0.460996702
Gene.1061,4,-0.313173265,0.200907978,0.60345879,0.609333345,-0.514623685
Gene.1062,4,0.031151373,0.708711967,0.793537614,0.935435639,-0.219434063
Gene.1063,4,0.154184582,0.772273752,0.635519359,0.906473867,-0.049797113
Gene.1064,4,0.023999207,0.739611706,0.729271062,0.959807567,-0.189041942
Gene.1065,4,-0.219599606,0.402913924,0.440760489,0.649371502,-0.205911298
Gene.1066,4,-0.025196993,0.72364866,0.767685527,0.978493369,-0.22849607
Gene.1067,5,0.652083986,0.366184076,0.383638319,0.283016653,0.167115334
Gene.1068,3,0.102085354,-0.101895568,-0.096110909,-0.088710884,0.017520458
Gene.1069,3,-0.281929921,-0.33131287,0.376295341,0.018246555,-0.516302734
Gene.1070,4,0.054039404,0.803501926,0.706685234,0.955066844,-0.082089234
Gene.1071,4,-0.01905324,0.742537253,0.710077386,0.953896576,-0.174344856
Gene.1072,3,0.430236223,-0.331919641,-0.273384753,-0.503251714,0.216856083
Gene.1073,4,0.007826332,0.722016267,0.764190686,0.971916771,-0.217212818
Gene.1074,3,-0.217604508,-0.391771652,0.30760815,-0.014679613,-0.485280334
Gene.1075,4,-0.070311895,0.745321033,0.692127098,0.954147543,-0.167684324
Gene.1076,4,0.136965745,0.756373493,0.685324335,0.93213945,-0.085008217
Gene.1077,4,0.008433403,0.699472459,0.818398581,0.951248664,-0.234427356
Gene.1078,4,0.058821848,0.754365091,0.720775695,0.956594724,-0.157702487
Gene.1079,4,0.047088639,0.771558043,0.717903281,0.963769995,-0.137615112
Gene.1080,3,-0.339823251,0.247174863,0.467226166,0.50944293,-0.340804429
Gene.1081,1,-0.298689541,0.180773482,0.682512044,0.575774518,-0.495350245
Gene.1082,4,-0.032066603,0.738919989,0.751448405,0.963755342,-0.17712104
Gene.1083,3,-0.371848042,-0.179100213,0.61304187,0.297554205,-0.625564197
Gene.1084,4,0.147628275,0.792611739,0.7201281,0.953893999,-0.102319628
Gene.1085,4,0.051985051,0.744474113,0.720994536,0.942160735,-0.139944013
Gene.1086,1,-0.01725453,0.235738708,0.829830577,0.605040436,-0.469364651
Gene.1087,4,-0.072710207,0.472171741,0.476247035,0.704100193,-0.178740419
Gene.1088,4,-0.18379312,0.626624533,0.782776307,0.913472675,-0.307973514
Gene.1089,2,0.14405968,0.695970679,-0.002855712,0.322950491,0.491804048
Gene.1090,3,-0.248336989,-0.249251022,0.688468426,0.183215547,-0.633781916
Gene.1091,4,-0.059196639,0.734920505,0.718092945,0.967604015,-0.192315361
Gene.1092,3,-0.56652922,-0.2681105,0.336022039,0.122163388,-0.562193513
Gene.1093,2,0.259941406,0.844242685,0.289174994,0.633671732,0.33496898
Gene.1094,4,-0.035876042,0.771926233,0.691745208,0.969812624,-0.154636086
Gene.1095,1,-0.334906186,0.059609676,0.788960427,0.490518397,-0.589861834
Gene.1096,3,-0.358999795,0.047625944,0.330336956,0.381292198,-0.448260995
Gene.1097,4,-0.065584786,0.623261577,0.580512657,0.832317705,-0.164687215
Gene.1098,2,0.178259512,0.827057391,0.496232181,0.774687659,0.135229989
Gene.1099,4,-0.311456357,0.567308412,0.59070524,0.837400612,-0.281801602
Gene.1100,3,0.225443669,0.135583091,0.338877723,0.214191711,-0.053848971
Gene.1101,2,0.535072656,0.834004793,0.365360717,0.60688335,0.403360204
Gene.1102,4,0.007337981,0.741269666,0.681347644,0.932852891,-0.151914238
Gene.1103,3,-0.286882582,-0.23518247,0.330344167,0.124737815,-0.442443541
Gene.1104,4,0.058825542,0.659210455,0.585553461,0.824011271,-0.123233625
Gene.1105,1,-0.03065053,0.372241862,0.764917127,0.676522961,-0.325842479
Gene.1106,3,-0.230273734,0.004821794,0.275325485,0.288112169,-0.394284666
Gene.1107,3,-0.576525987,0.045389583,0.21244153,0.321426321,-0.406943312
Gene.1108,4,-0.027158679,0.704996283,0.81272285,0.963239192,-0.250081866
Gene.1109,3,0.527287373,0.115619507,-0.5527314,-0.400168437,0.672210265
Gene.1110,4,0.008027893,0.681857695,0.861074189,0.954210751,-0.267363531
Gene.1111,4,0.029370171,0.736662769,0.799479638,0.966862984,-0.196541084
Gene.1112,5,0.913347272,0.363175524,-0.198994675,-0.023560692,0.589921067
Gene.1113,4,-0.226554222,0.452674801,0.429089961,0.695035282,-0.238308183
Gene.1114,3,-0.340209043,0.223075073,-0.147301079,0.033083075,0.16950862
Gene.1115,3,-0.224534809,0.260725365,0.45556657,0.566923976,-0.315652339
Gene.1116,4,-0.139438991,0.452202135,0.824564391,0.823012302,-0.410115317
Gene.1117,1,-0.267615776,0.412379675,0.88640365,0.829186854,-0.50800267
Gene.1118,4,-0.151896195,0.39663434,0.541841297,0.64610042,-0.277217971
Gene.1119,3,-0.082046508,0.106961431,0.320315786,0.341454094,-0.199186973
Gene.1120,4,0.053244268,0.606291797,0.862466071,0.902847342,-0.297822909
Gene.1121,4,-0.209779181,0.579426,0.533475583,0.808606975,-0.244081436
Gene.1122,4,0.257206485,0.480216505,0.679882504,0.673860326,-0.16405772
Gene.1123,3,-0.056027244,-0.450421817,0.447461806,-0.035097427,-0.575411272
Gene.1124,4,-0.375542037,0.34505549,0.6383408,0.728514138,-0.462085478
Gene.1125,1,-0.3341503,0.117174525,0.784383331,0.567000434,-0.5406226
Gene.1126,4,0.115192057,0.731286679,0.674413052,0.894956006,-0.114862696
Gene.1127,1,0.099836922,0.362409039,0.638855465,0.569607056,-0.199870883
Gene.1128,4,0.266494859,0.793816052,0.619738973,0.89316636,-0.002764717
Gene.1129,4,0.294131344,0.689782905,0.577281521,0.775458284,0.008811491
Gene.1130,4,0.257783843,0.57914156,0.582335066,0.722018182,-0.076833186
Gene.1131,5,-0.715732969,-0.303954637,0.059611548,0.032248599,-0.461996247
Gene.1132,3,0.341473483,-0.111358627,0.238543343,-0.010926926,-0.075918725
Gene.1133,4,0.031745014,0.41336797,0.533305018,0.631436745,-0.181409963
Gene.1134,3,-0.208482113,-0.221498212,0.162432314,0.004241738,-0.29358229
Gene.1135,3,-0.481005634,-0.222226955,0.412413884,0.153213502,-0.519813979
Gene.1136,4,0.290520627,0.590776145,0.597287154,0.732355324,-0.041795707
Gene.1137,4,-0.051839997,0.717451205,0.712746364,0.949917754,-0.21681572
Gene.1138,3,0.296361048,0.420679539,0.212300193,0.371772474,0.181925598
Gene.1139,4,-0.205760557,0.421074923,0.547509857,0.729095112,-0.330591909
Gene.1140,1,-0.168061732,0.306476499,0.903193366,0.73557339,-0.527486987
Gene.1141,4,-0.06728699,0.682682094,0.65255345,0.88028646,-0.149462386
Gene.1142,3,-0.318144266,-0.375771933,0.177711791,-0.096269623,-0.379366222
Gene.1143,4,0.066754487,0.725844205,0.688814646,0.931201205,-0.16549663
Gene.1144,1,0.012726813,0.550757752,0.872274409,0.872655443,-0.324718367
Gene.1145,3,-0.1911209,-0.444190687,0.421938903,-0.035836893,-0.60040502
Gene.1146,4,0.477063448,0.563407108,0.454350279,0.620698342,0.065730756
Gene.1147,1,-0.160170087,0.484051224,0.869661352,0.848152811,-0.418933909
Gene.1148,3,-0.359279838,0.14328204,0.480099013,0.515332374,-0.490152414
Gene.1149,3,0.106761384,-0.069623872,-0.442277899,-0.305141539,0.332535355
Gene.1150,3,0.051960153,0.095262493,-0.081103093,-0.059481424,0.118312006
Gene.1151,4,-0.012421237,0.656996764,0.836289208,0.91895884,-0.275986242
Gene.1152,4,-0.01839316,0.707770379,0.788001419,0.946495584,-0.234152541
Gene.1153,3,0.147714391,0.002458511,0.600959629,0.296346191,-0.331755239
Gene.1154,3,0.007097342,0.294611536,0.223693283,0.414993579,-0.041712525
Gene.1155,4,-0.082169895,0.351922026,0.65099111,0.660386512,-0.312410867
Gene.1156,4,0.215320754,0.807645137,0.648364403,0.907286806,-0.006773755
Gene.1157,4,0.09122802,0.793648632,0.645137499,0.935720581,-0.054997231
