,index,kME_MM.blue,kME_MM.turquoise,kME_MM.grey
Gene.1,2,0.290096189,0.447432173,0.267919926
Gene.2,2,0.232163774,0.409217272,0.336053859
Gene.3,2,-0.427453341,-0.06181834,0.773908777
Gene.4,2,0.023267787,-0.053600562,0.057787281
Gene.5,2,-0.181432582,0.098541999,0.569866241
Gene.6,3,0.70199076,0.829901193,0.18225654
Gene.7,2,0.439742693,0.259201422,-0.357629974
Gene.8,2,-0.17932602,0.139452675,0.567858752
Gene.9,2,0.465447056,0.642039143,0.302883947
Gene.10,3,0.482406478,0.703902645,0.481116995
Gene.11,2,-0.010980431,0.250661202,0.419934303
Gene.12,2,-0.37454937,0.017890947,0.850107021
Gene.13,3,0.511442073,0.770586461,0.464999131
Gene.14,3,0.802598038,0.766527706,-0.204582914
Gene.15,2,0.681602668,0.620531889,-0.077645742
Gene.16,2,-0.277100889,0.079604921,0.791004829
Gene.17,3,0.802097957,0.916013874,0.129543495
Gene.18,2,0.242996145,0.56405568,0.627859966
Gene.19,2,-0.132569887,-0.04268558,0.141110395
Gene.20,2,0.376009892,0.38657419,0.061059778
Gene.21,3,0.773116906,0.941834375,0.20415275
Gene.22,2,-0.428072439,-0.167055763,0.642224135
Gene.23,3,0.554634031,0.855702921,0.518752939
Gene.24,3,0.580311233,0.809411119,0.39493362
Gene.25,2,0.155727555,0.204297915,0.289147832
Gene.26,2,-0.521721432,-0.643670104,-0.008974831
Gene.27,2,-0.175603716,0.309205693,0.838730344
Gene.28,2,-0.380300367,-0.026779832,0.715130708
Gene.29,2,0.642402893,0.67369915,-0.037990965
Gene.30,2,-0.361867857,-0.370575665,0.122024085
Gene.31,2,-0.556635838,-0.170286894,0.743528734
Gene.32,3,0.312815591,0.694174418,0.587869563
Gene.33,2,0.236600085,0.141824644,-0.02161629
Gene.34,3,0.714318241,0.929647479,0.298953001
Gene.35,3,0.498195768,0.812679152,0.476263076
Gene.36,2,-0.385732807,-0.577478232,-0.131776809
Gene.37,3,0.525023283,0.882441057,0.533539397
Gene.38,2,-0.428778843,0.014805767,0.880219368
Gene.39,2,-0.261925706,0.094716511,0.809702942
Gene.40,3,0.731686059,0.931531847,0.288465941
Gene.41,3,0.351517313,0.734073813,0.534624329
Gene.42,2,-0.227690674,0.279437643,0.961654892
Gene.43,3,0.736699006,0.975663155,0.313310714
Gene.44,2,0.478979551,0.470222583,0.099967997
Gene.45,3,0.657160806,0.829770835,0.326653025
Gene.46,3,0.531687812,0.847912864,0.489451633
Gene.47,3,0.517417306,0.80723733,0.504391039
Gene.48,2,0.057663686,0.347595379,0.606493917
Gene.49,3,0.263427287,0.706582413,0.687584726
Gene.50,3,0.767487641,0.961433204,0.294598386
Gene.51,2,-0.221972132,0.126770301,0.714940498
Gene.52,2,-0.022156735,0.410947842,0.860827135
Gene.53,2,0.309838133,0.544795078,0.460558483
Gene.54,2,0.404089345,0.639861289,0.329245896
Gene.55,2,0.665267543,0.668490818,-0.017602082
Gene.56,2,0.155082771,0.179964001,0.086005366
Gene.57,3,0.814201327,0.923696913,0.145068932
Gene.58,2,0.264286264,-0.130609014,-0.604135631
Gene.59,2,-0.0918005,0.272001726,0.767922262
Gene.60,3,0.543755655,0.74747312,0.395002596
Gene.61,2,-0.656770905,-0.347393697,0.726258954
Gene.62,3,0.765538569,0.986440381,0.291688916
Gene.63,2,0.285990003,0.526079931,0.579958403
Gene.64,3,0.369441718,0.696573194,0.661099414
Gene.65,3,0.664861304,0.911848187,0.380505238
Gene.66,2,-0.05664157,0.382327974,0.846686009
Gene.67,3,0.843660797,0.803772792,-0.092219888
Gene.68,2,0.301279157,0.584091147,0.421864073
Gene.69,3,0.502618801,0.867967706,0.575955248
Gene.70,3,0.784518757,0.95505769,0.224670841
Gene.71,1,0.803821952,0.670694969,-0.212105755
Gene.72,2,0.481916519,0.19882438,-0.306755086
Gene.73,2,0.056390307,0.542195682,0.84072698
Gene.74,2,-0.220502512,-0.437119062,-0.257721744
Gene.75,2,-0.224993457,0.29480251,0.950191252
Gene.76,3,0.782864481,0.962372846,0.255778061
Gene.77,2,0.352477867,0.142131971,-0.278401949
Gene.78,2,0.319694807,0.486363814,0.325543782
Gene.79,2,-0.036815399,-0.416865163,-0.500513655
Gene.80,3,0.552337663,0.855293646,0.529248863
Gene.81,2,-0.127499527,0.35123697,0.902611505
Gene.82,2,-0.462133416,-0.171270695,0.71112305
Gene.83,3,0.695157302,0.800298154,0.145865574
Gene.84,2,-0.223093109,0.278819553,0.925280534
Gene.85,3,0.900590277,0.935980972,0.035408591
Gene.86,3,0.810011906,0.964592066,0.218585043
Gene.87,2,-0.734160144,-0.443895781,0.658035777
Gene.88,2,0.085924413,0.050520301,0.001110798
Gene.89,3,0.718141478,0.87136955,0.173126434
Gene.90,3,0.389146866,0.813242491,0.708132237
Gene.91,2,0.130533819,0.359910346,0.30523403
Gene.92,2,-0.081171804,0.181713162,0.559048088
Gene.93,3,0.734785159,0.848991536,0.252496126
Gene.94,2,0.281700916,0.280872471,0.232037609
Gene.95,3,0.389131479,0.7599366,0.711816825
Gene.96,2,-0.361927889,-0.64653466,-0.449656371
Gene.97,1,0.778528985,0.608127068,-0.220381056
Gene.98,3,0.52994662,0.797352677,0.489099902
Gene.99,3,0.569244849,0.8776018,0.520164457
Gene.100,2,0.412849568,0.549694596,0.21525642
Gene.101,2,-0.496708516,-0.097987757,0.809400581
Gene.102,3,0.837537692,0.947193727,0.157422094
Gene.103,2,-0.116731942,0.314558258,0.865078651
Gene.104,2,-0.017300321,-0.11002242,-0.167307687
Gene.105,2,-0.302931102,-0.151725844,0.359491984
Gene.106,3,0.860219322,0.927451939,0.047502938
Gene.107,2,-0.488025238,-0.325444362,0.442011993
Gene.108,2,0.166346041,0.562040223,0.727503509
Gene.109,3,0.664455583,0.788433799,0.244753345
Gene.110,2,-0.116355085,-0.422576666,-0.277470872
Gene.111,2,0.081950529,0.151165989,0.263322322
Gene.112,3,0.659194993,0.950793469,0.467347839
Gene.113,3,0.641159526,0.941830809,0.453263943
Gene.114,1,0.831799144,0.63315503,-0.289621034
Gene.115,2,-0.5342687,-0.33992668,0.447001691
Gene.116,3,0.901582438,0.95755793,0.026263456
Gene.117,2,0.309875195,0.37208692,0.180121138
Gene.118,3,0.318798684,0.722057541,0.689645102
Gene.119,3,0.710502014,0.90412153,0.366986877
Gene.120,2,-0.710438307,-0.478145583,0.527185003
Gene.121,3,0.47778159,0.71018004,0.382525454
Gene.122,2,0.088096543,-0.266317617,-0.532852728
Gene.123,2,-0.040633768,0.442998338,0.898881145
Gene.124,3,0.514705171,0.811529214,0.486781048
Gene.125,2,0.094984264,-0.376228046,-0.713315704
Gene.126,2,0.084278228,0.303908867,0.477957766
Gene.127,3,0.755800003,0.936472663,0.277555365
Gene.128,2,0.527004905,0.563371453,0.136697412
Gene.129,2,0.224262937,0.494087923,0.517203137
Gene.130,3,0.582118743,0.831237414,0.373952138
Gene.131,3,0.778463929,0.930305255,0.158406189
Gene.132,2,0.121096008,0.135804598,0.211810458
Gene.133,2,-0.545227013,-0.388291234,0.401924078
Gene.134,2,0.051552995,-0.027044001,-0.133734443
Gene.135,2,0.475592883,0.441893986,0.037631967
Gene.136,3,-0.514221259,-0.768098335,-0.420132235
Gene.137,3,0.7781773,0.976111948,0.253062391
Gene.138,3,0.80447036,0.756360516,-0.070815137
Gene.139,3,0.490145124,0.834278853,0.568080228
Gene.140,2,-0.02019815,-0.508842602,-0.695260317
Gene.141,3,0.636702945,0.816519823,0.279374655
Gene.142,2,0.080466694,0.058418136,0.111840762
Gene.143,2,-0.571951086,-0.44011704,0.479531621
Gene.144,2,0.355050228,0.591546386,0.341531852
Gene.145,2,-0.38505985,-0.352366845,0.171080856
Gene.146,2,-0.041298211,0.239046715,0.63731481
Gene.147,3,0.546710049,0.819215155,0.477592509
Gene.148,2,0.632682733,0.587039757,-0.155405925
Gene.149,3,0.787547047,0.878432504,0.178404756
Gene.150,2,-0.106262342,0.316062936,0.84192015
Gene.151,1,0.857367774,0.760958068,-0.199157828
Gene.152,2,0.268567255,0.591347575,0.669161502
Gene.153,2,-0.409833029,-0.650538321,-0.177863713
Gene.154,2,0.354351371,0.494942908,0.212204611
Gene.155,3,0.699962446,0.950548373,0.362215357
Gene.156,2,0.169825988,0.604875014,0.814175224
Gene.157,2,-0.04905691,0.318988473,0.737624535
Gene.158,2,-0.484137424,-0.121012476,0.74373732
Gene.159,1,-0.733807074,-0.435053827,0.641908176
Gene.160,3,0.57033707,0.744106063,0.33815747
Gene.161,3,0.848233277,0.961688271,0.085125587
Gene.162,2,0.587149674,0.178529927,-0.653815204
Gene.163,3,0.783250691,0.977359166,0.2531649
Gene.164,1,0.892901173,0.635217249,-0.546732263
Gene.165,2,-0.238178591,-0.207096515,0.236814309
Gene.166,2,-0.120283297,0.23265871,0.562279265
Gene.167,2,0.575872959,0.56523532,0.073221568
Gene.168,2,0.041052628,0.437301065,0.694022932
Gene.169,3,0.727327225,0.92641391,0.322492311
Gene.170,3,0.568801257,0.824139996,0.364831474
Gene.171,3,0.688497153,0.958749027,0.378456349
Gene.172,3,0.555982753,0.850912024,0.459302978
Gene.173,2,-0.115240523,0.418061397,0.866593589
Gene.174,3,0.835213987,0.909385086,0.075380809
Gene.175,2,0.63041555,0.313989614,-0.49653664
Gene.176,2,0.734744344,0.347191285,-0.61341385
Gene.177,3,0.388708466,0.780269816,0.664099937
Gene.178,2,0.475286806,0.670848625,0.383986302
Gene.179,2,0.625057677,0.219975505,-0.780729026
Gene.180,3,0.708336867,0.977201493,0.391204086
Gene.181,2,-0.274230414,0.258847653,0.924329213
Gene.182,2,0.269948867,0.272643039,0.145860452
Gene.183,2,0.202690448,-0.175035887,-0.546502833
Gene.184,2,0.422500778,0.105727413,-0.410906407
Gene.185,3,0.860711797,0.932200868,0.120766497
Gene.186,3,0.67935871,0.964138203,0.434654663
Gene.187,2,-0.196284799,0.135545963,0.667135142
Gene.188,3,0.37001464,0.717243216,0.532864108
Gene.189,1,0.94110123,0.863896036,-0.164826449
Gene.190,2,-0.513506634,-0.430588242,0.336474684
Gene.191,2,0.131610007,0.520720429,0.697152203
Gene.192,2,0.265876367,0.659508059,0.745251447
Gene.193,3,0.614496033,0.946921065,0.472638743
Gene.194,2,0.135867026,0.024041306,0.06855731
Gene.195,3,0.840859556,0.930335555,0.003739687
Gene.196,2,-0.296272604,0.018743019,0.739158668
Gene.197,2,-0.040742843,0.154164516,0.570945727
Gene.198,2,0.05145875,-0.441201845,-0.751086291
Gene.199,2,-0.3409019,-0.103699329,0.644855291
Gene.200,1,-0.800743849,-0.64445104,0.444793218
Gene.201,2,0.463494262,0.618037401,0.248807322
Gene.202,3,0.754148653,0.902019037,0.199798592
Gene.203,2,-0.50179672,-0.495944245,0.09493796
Gene.204,3,-0.69449249,-0.829228258,0.002499241
Gene.205,2,-0.553689601,-0.162473048,0.799846552
Gene.206,3,0.927131674,0.916738545,-0.137895628
Gene.207,2,0.023285121,0.407117927,0.655891099
Gene.208,2,0.707952184,0.626587704,-0.274666023
Gene.209,2,0.344464835,0.342237808,-0.02037931
Gene.210,2,-0.361471808,-0.289221404,0.286956386
Gene.211,3,0.755031154,0.934138848,0.24040012
Gene.212,3,0.711778443,0.927583243,0.335034695
Gene.213,3,0.903191036,0.955411999,0.043056203
Gene.214,2,-0.090019974,-0.451407644,-0.537404724
Gene.215,2,0.322592615,0.09832233,-0.179582276
Gene.216,3,0.511795403,0.858591604,0.609331875
Gene.217,2,0.491236512,0.455341015,0.039857624
Gene.218,1,0.94841178,0.821873526,-0.26738907
Gene.219,2,0.067348129,0.434850312,0.712307024
Gene.220,3,0.268448931,0.691174498,0.691917143
Gene.221,2,-0.13308699,0.410543629,0.958033396
Gene.222,3,0.711039344,0.814275321,0.220212027
Gene.223,2,0.42945652,0.446094003,0.078294511
Gene.224,2,0.318841199,0.069136236,-0.258201692
Gene.225,2,0.780639628,0.383660993,-0.536340906
Gene.226,2,-0.026891031,-0.354866552,-0.578306626
Gene.227,3,0.51754438,0.815396343,0.502708746
Gene.228,2,-0.172795305,0.245660836,0.814112381
Gene.229,3,0.794694525,0.939728843,0.146754614
Gene.230,3,0.41384935,0.790836248,0.589589818
Gene.231,2,0.663187844,0.225441588,-0.685271341
Gene.232,3,0.889381641,0.976465701,0.103283647
Gene.233,2,0.225662738,0.51562709,0.619066879
Gene.234,3,0.85546058,0.86663251,-0.043068358
Gene.235,3,0.864689308,0.960117567,0.143802214
Gene.236,3,0.823346643,0.904135244,0.147240925
Gene.237,1,0.762426788,0.699606843,-0.066321732
Gene.238,3,0.625087784,0.749396159,0.124652459
Gene.239,3,0.890059686,0.859351302,-0.036310424
Gene.240,3,0.60257075,0.931974001,0.524292956
Gene.241,2,0.724162266,0.599590051,-0.175530196
Gene.242,3,0.550883547,0.753555012,0.250449441
Gene.243,2,0.283298138,-0.242502742,-0.812468588
Gene.244,3,0.764917984,0.93598873,0.261930812
Gene.245,2,0.153196095,-0.388814162,-0.88015786
Gene.246,3,0.619738123,0.92506397,0.491292394
Gene.247,3,0.66933965,0.778592637,0.132488582
Gene.248,3,0.673080109,0.918685458,0.291687092
Gene.249,3,0.85336387,0.879577037,-0.009542773
Gene.250,2,0.344093217,0.504291647,0.357389303
Gene.251,3,0.430235266,0.820810401,0.660983616
Gene.252,2,0.282887753,-0.143481273,-0.634979353
Gene.253,2,0.075242694,0.510058077,0.646821838
Gene.254,3,0.692166402,0.921983623,0.313292451
Gene.255,3,0.745621886,0.906226462,0.298668121
Gene.256,2,-0.443886668,-0.645094715,-0.111754857
Gene.257,3,0.728344537,0.774016777,0.100903277
Gene.258,2,-0.310520926,0.15503289,0.889955495
Gene.259,2,-0.209883355,0.280778855,0.897075829
Gene.260,3,0.820686105,0.9450454,0.087332118
Gene.261,2,-0.303489284,0.165634051,0.924275135
Gene.262,2,-0.505206818,-0.159630154,0.76192886
Gene.263,1,0.868455706,0.776441391,-0.203677892
Gene.264,2,0.061028266,-0.292607989,-0.539411745
Gene.265,3,0.504202342,0.892981745,0.593782652
Gene.266,1,0.918682185,0.790401249,-0.235771275
Gene.267,1,0.93702321,0.823936178,-0.16366119
Gene.268,2,0.095981016,0.234096349,0.172505703
Gene.269,3,0.818126169,0.980466401,0.20553313
Gene.270,2,-0.164071107,-0.054305817,0.368392504
Gene.271,2,-0.46855033,-0.584147264,0.035803337
Gene.272,1,0.943723028,0.839798136,-0.181884321
Gene.273,2,-0.315663979,-0.547319982,-0.245902668
Gene.274,1,0.815033218,0.749501948,-0.1933395
Gene.275,2,-0.136183542,0.148083826,0.432428947
Gene.276,2,0.353790513,0.606212696,0.334760639
Gene.277,2,0.235925915,0.393991019,0.271742153
Gene.278,3,0.792536581,0.978980931,0.252026064
Gene.279,2,-0.276321218,0.134923197,0.797313027
Gene.280,3,0.851995569,0.971381866,0.149410108
Gene.281,2,0.434231963,0.562516894,0.288924768
Gene.282,3,0.790988417,0.953118232,0.205482466
Gene.283,2,-0.087470117,-0.555005937,-0.746442071
Gene.284,1,0.854161535,0.632749782,-0.376245159
Gene.285,3,0.636366019,0.893805354,0.444744304
Gene.286,3,0.208788929,0.688300237,0.74854651
Gene.287,2,0.328403797,0.638391518,0.50531806
Gene.288,1,0.940080968,0.888225446,-0.10509444
Gene.289,2,0.154224851,-0.237281876,-0.700574325
Gene.290,2,0.069064942,-0.045851686,-0.018813053
Gene.291,3,0.75610213,0.841644458,0.131579478
Gene.292,3,0.599950531,0.880316614,0.434188116
Gene.293,3,0.517623701,0.874601885,0.516576916
Gene.294,2,-0.255534806,-0.157479396,0.020491125
Gene.295,2,-0.375808159,-0.192673849,0.395459956
Gene.296,3,0.630190319,0.860262702,0.353079201
Gene.297,3,0.892206683,0.965203313,0.075623584
Gene.298,2,0.557242972,0.539086516,0.075658456
Gene.299,3,0.772974861,0.949021072,0.226110657
Gene.300,2,0.059257233,0.382135188,0.709510831
Gene.301,3,0.77354634,0.971005197,0.298017418
Gene.302,1,0.873509495,0.545406166,-0.469210313
Gene.303,3,0.755382127,0.809982534,0.02748365
Gene.304,2,-0.087616623,0.273048881,0.710366738
Gene.305,3,0.805092238,0.802764691,-0.136349577
Gene.306,2,0.607184956,0.530082814,-0.132752002
Gene.307,2,-0.586824677,-0.480375757,0.397617923
Gene.308,3,0.866562418,0.924834519,0.065834007
Gene.309,3,0.768195745,0.890616377,0.214398735
Gene.310,3,0.780272951,0.981612898,0.246493343
Gene.311,3,0.769031309,0.96532246,0.24134786
Gene.312,3,0.289517259,0.759336429,0.73942998
Gene.313,2,-0.612275341,-0.386468129,0.533788758
Gene.314,2,-0.103236363,0.203260973,0.650494351
Gene.315,3,0.448024058,0.815771772,0.615517327
Gene.316,2,0.319364633,0.205847018,-0.080385958
Gene.317,3,0.676328609,0.65970887,0.076134573
Gene.318,3,0.832288852,0.971694994,0.206745474
Gene.319,3,0.910610222,0.883447122,-0.080441234
Gene.320,3,0.805517938,0.95652347,0.26038342
Gene.321,2,0.047177757,-0.349879971,-0.652579225
Gene.322,2,-0.271082847,-0.63102584,-0.545154594
Gene.323,3,0.799448321,0.982913014,0.198108025
Gene.324,2,0.344143753,0.493084057,0.021732449
Gene.325,3,0.295604441,0.746203531,0.74883806
Gene.326,2,-0.092958604,0.314856491,0.861156335
Gene.327,3,0.856866398,0.972768614,0.107979364
Gene.328,3,0.802238322,0.762154051,-0.073036964
Gene.329,2,0.046934128,-0.233746652,-0.399854308
Gene.330,1,0.954996717,0.874518744,-0.162773756
Gene.331,3,0.794997095,0.978935511,0.286028792
Gene.332,2,-0.468678922,-0.450954609,0.162188647
Gene.333,3,0.926822859,0.955667715,-0.033943642
Gene.334,3,0.821723088,0.95645363,0.206981909
Gene.335,2,0.095620984,0.537667109,0.819240533
Gene.336,2,0.392679043,0.163766601,-0.232843487
Gene.337,2,0.438674939,0.107529131,-0.729897906
Gene.338,3,0.792247037,0.84867382,0.120561878
Gene.339,2,-0.00754692,-0.331357396,-0.401852099
Gene.340,1,0.908641899,0.638121829,-0.537653368
Gene.341,3,0.847508769,0.977981129,0.162117616
Gene.342,2,0.144090978,0.268554283,0.188945494
Gene.343,3,0.707073389,0.696582221,0.028718534
Gene.344,2,-0.416124269,-0.54378907,-0.050373636
Gene.345,2,-0.252380715,0.318016174,0.937490726
Gene.346,2,0.332460823,-0.084043844,-0.726800426
Gene.347,2,0.144292281,-0.0900343,-0.230600908
Gene.348,3,0.826815297,0.969972473,0.158894402
Gene.349,2,-0.517872784,-0.163585308,0.800007859
Gene.350,2,0.172714518,0.139579153,0.139810636
Gene.351,3,0.57442783,0.808976648,0.342918671
Gene.352,1,0.921025698,0.838995703,-0.160970467
Gene.353,3,0.747801559,0.842826812,0.204401833
Gene.354,2,0.259551336,-0.164082122,-0.582339771
Gene.355,3,0.852359201,0.98143465,0.11250704
Gene.356,3,0.710059049,0.798916104,0.175199754
Gene.357,2,0.680492379,0.277103765,-0.531085293
Gene.358,3,0.85699114,0.905261183,-0.008807056
Gene.359,2,-0.350480193,-0.264513196,0.313398565
Gene.360,3,0.833351121,0.878539423,0.095948009
Gene.361,3,0.768681899,0.933466994,0.22337938
Gene.362,2,0.047136156,-0.492730015,-0.870141053
Gene.363,3,0.522543968,0.898539469,0.58488641
Gene.364,3,0.784073852,0.924964087,0.142956954
Gene.365,3,0.708583411,0.837274896,0.274681967
Gene.366,2,-0.481933251,-0.616390835,-0.070652047
Gene.367,1,0.78748673,0.705628178,-0.104682876
Gene.368,3,0.888168146,0.90525115,-0.089306315
Gene.369,2,0.760089152,0.277922277,-0.77099057
Gene.370,2,0.664987181,0.653500447,0.043462472
Gene.371,3,0.909495517,0.909684128,-0.078259353
Gene.372,3,0.800563826,0.968451181,0.24087818
Gene.373,2,0.606855686,0.463090491,-0.079730744
Gene.374,3,0.443926636,0.692716182,0.469498532
Gene.375,2,-0.330761299,-0.537065712,-0.113212582
Gene.376,3,0.8444975,0.980578586,0.132711438
Gene.377,3,0.312894824,0.722595957,0.578016953
Gene.378,2,0.53741406,0.029470107,-0.745563405
Gene.379,3,0.888975951,0.962415807,0.037855731
Gene.380,3,0.822850935,0.985584995,0.212259116
Gene.381,3,0.73369565,0.964038326,0.322789864
Gene.382,3,0.761027094,0.809715227,0.173564598
Gene.383,3,0.823584875,0.97613754,0.169733961
Gene.384,3,0.581977716,0.815610564,0.259235401
Gene.385,3,0.59169055,0.92469139,0.548204163
Gene.386,3,0.861278818,0.932826731,0.112844016
Gene.387,1,0.770867626,0.620271859,-0.150090413
Gene.388,2,0.753053982,0.464599582,-0.403050032
Gene.389,3,0.828485409,0.993686289,0.207357671
Gene.390,2,-0.517169374,-0.290245089,0.530286079
Gene.391,3,0.617697938,0.791629439,0.326748082
Gene.392,1,0.937642913,0.714260009,-0.402492239
Gene.393,3,0.606704797,0.914497372,0.508108897
Gene.394,3,0.601444949,0.881882831,0.384218692
Gene.395,1,0.933608228,0.934421872,-0.017818617
Gene.396,2,-0.149658257,-0.312507745,-0.070620767
Gene.397,3,0.73749987,0.984385016,0.367581192
Gene.398,2,0.779087578,0.404941039,-0.493869891
Gene.399,3,0.845569939,0.973846206,0.164580452
Gene.400,3,0.644554144,0.940137722,0.443665067
Gene.401,3,0.821127535,0.985227356,0.189536473
Gene.402,3,0.754353268,0.956822392,0.231681882
Gene.403,1,0.841788235,0.581662511,-0.379379244
Gene.404,1,0.778149059,0.650401757,-0.125805592
Gene.405,2,0.306044742,0.216468898,-0.025243038
Gene.406,3,0.814129694,0.945158583,0.112452463
Gene.407,2,0.056879354,-0.014370844,0.043707083
Gene.408,1,0.770008388,0.436417505,-0.572627388
Gene.409,1,0.825564588,0.505233211,-0.584744909
Gene.410,3,0.856552575,0.971864747,0.095355631
Gene.411,3,0.840853173,0.983009514,0.151116519
Gene.412,2,0.650885419,0.174828801,-0.801754568
Gene.413,2,0.303318981,0.092259544,-0.396594463
Gene.414,3,0.825213405,0.971248711,0.216225026
Gene.415,1,0.873812249,0.757332274,-0.304162044
Gene.416,3,0.474015666,0.821316205,0.541218426
Gene.417,2,0.491233904,0.154015197,-0.429052406
Gene.418,3,0.768387593,0.935773844,0.28079539
Gene.419,1,0.876297974,0.58615899,-0.466997706
Gene.420,3,0.665343132,0.74543926,0.059326586
Gene.421,2,-0.343774563,0.218773805,0.939409356
Gene.422,3,0.496958754,0.86164051,0.499499877
Gene.423,1,0.772669248,0.677046102,-0.210418604
Gene.424,3,0.631157758,0.907924185,0.345747041
Gene.425,3,0.632045327,0.933607135,0.448622796
Gene.426,3,0.617547225,0.788614185,0.205158297
Gene.427,2,0.232049255,-0.196075073,-0.651688149
Gene.428,2,0.442688829,-0.018260243,-0.680170359
Gene.429,3,0.866945523,0.960763437,0.061398916
Gene.430,2,-0.079339829,0.140834256,0.578798698
Gene.431,2,-0.543700949,-0.627347151,0.086480291
Gene.432,3,0.886573625,0.939352678,0.008806387
Gene.433,1,0.809963923,0.397535236,-0.685017516
Gene.434,3,0.772054187,0.85746714,0.101766772
Gene.435,3,0.832499047,0.947695692,0.178199192
Gene.436,3,0.754415675,0.793083936,-0.0350237
Gene.437,2,0.609494301,0.651448097,0.056951198
Gene.438,2,-0.257763409,-0.125314835,0.473339277
Gene.439,1,0.892328369,0.658742308,-0.439719764
Gene.440,3,0.677455648,0.919096767,0.391203113
Gene.441,2,-0.03388149,0.450373594,0.908936156
Gene.442,3,0.666174365,0.78330032,0.026666867
Gene.443,3,0.842582707,0.954672927,0.163263168
Gene.444,1,0.926211756,0.863353519,-0.178809719
Gene.445,1,0.971270144,0.877238687,-0.16579474
Gene.446,2,0.043671111,0.540551638,0.913252863
Gene.447,1,0.967378308,0.856616702,-0.229943489
Gene.448,3,0.67081272,0.929170563,0.40648875
Gene.449,3,0.892619874,0.95539552,0.04555079
Gene.450,3,0.855060886,0.976664695,0.131499253
Gene.451,3,0.683167808,0.918402584,0.378686922
Gene.452,3,0.774005897,0.893503692,0.109369862
Gene.453,2,0.180293969,0.297026458,0.238852746
Gene.454,3,0.884832982,0.969339275,0.060130909
Gene.455,3,0.845346941,0.979620028,0.133248671
Gene.456,1,0.894528046,0.837718608,-0.106182112
Gene.457,2,-0.407860325,-0.374213824,0.313948466
Gene.458,3,0.620318468,0.905867265,0.353077347
Gene.459,1,0.895489996,0.694854478,-0.339714601
Gene.460,3,0.823705183,0.978719136,0.169508181
Gene.461,3,0.765898329,0.985733192,0.324140127
Gene.462,3,0.882757513,0.95419659,0.010190672
Gene.463,3,0.898364388,0.977432104,0.072515877
Gene.464,2,0.741490444,0.576373482,-0.443460155
Gene.465,3,0.650658936,0.955069851,0.422138969
Gene.466,3,-0.426994546,-0.770549592,-0.388110477
Gene.467,2,0.398874201,0.441622955,0.106188706
Gene.468,3,0.826864616,0.96771954,0.126651053
Gene.469,3,0.88488032,0.983864637,0.108895122
Gene.470,3,0.704088169,0.734463574,0.010692027
Gene.471,3,0.837962898,0.974168475,0.150365698
Gene.472,1,0.991149168,0.798868195,-0.355798265
Gene.473,2,0.361087235,0.339920946,-0.058504065
Gene.474,3,0.662931528,0.901818819,0.43739753
Gene.475,1,0.939665913,0.694445373,-0.477348684
Gene.476,3,-0.455909722,-0.681085513,-0.1145736
Gene.477,1,0.968614029,0.898186572,-0.191408463
Gene.478,3,0.865331757,0.817083364,-0.214208847
Gene.479,3,0.49732443,0.846543004,0.53790251
Gene.480,2,0.606851873,0.093269067,-0.773471907
Gene.481,3,0.566507762,0.902456845,0.491639783
Gene.482,1,0.971637167,0.841058532,-0.28995474
Gene.483,3,0.915158003,0.958702636,0.023425267
Gene.484,3,0.887024252,0.961224657,0.069887004
Gene.485,2,0.072919304,-0.156414124,-0.260320914
Gene.486,3,0.767643676,0.973971559,0.25987966
Gene.487,2,-0.137004551,0.374143026,0.822286922
Gene.488,1,0.806744196,0.386255932,-0.776621553
Gene.489,2,-0.59494483,-0.389463194,0.59156664
Gene.490,3,0.792579934,0.993379953,0.280084218
Gene.491,3,0.78144414,0.98417998,0.280860879
Gene.492,3,0.546257114,0.782211829,0.353622287
Gene.493,3,0.735260063,0.967920774,0.315281211
Gene.494,2,0.324450362,-0.136122139,-0.691881944
Gene.495,3,0.844621364,0.956372563,0.092879448
Gene.496,2,0.457962981,0.350455088,-0.074269375
Gene.497,2,0.030711897,-0.347532674,-0.601342582
Gene.498,3,0.809528815,0.963520873,0.247432069
Gene.499,3,0.679465899,0.684119914,-0.154599647
Gene.500,3,0.785454443,0.952594088,0.23137039
Gene.501,3,0.852249767,0.965892182,0.084549292
Gene.502,3,0.829637398,0.983422263,0.182300165
Gene.503,3,0.790688369,0.967124884,0.156125513
Gene.504,3,0.836706358,0.978930391,0.139524049
Gene.505,2,-0.039360198,0.387035951,0.851158883
Gene.506,1,0.945225126,0.89489539,-0.156469915
Gene.507,2,0.780814773,0.434428759,-0.540458492
Gene.508,1,0.956466848,0.746422533,-0.325108729
Gene.509,3,0.695780214,0.958248037,0.403619185
Gene.510,2,0.422669735,0.02584046,-0.723002805
Gene.511,3,0.797640809,0.984592033,0.214905076
Gene.512,3,0.711195885,0.976227004,0.357963712
Gene.513,2,-0.55880464,-0.370188602,0.455343929
Gene.514,3,0.905200479,0.972174159,0.039915938
Gene.515,3,0.787383396,0.946526878,0.182252437
Gene.516,2,0.248567173,-0.191500182,-0.766075465
Gene.517,3,0.848411074,0.960822578,0.114503377
Gene.518,1,0.962231312,0.777458469,-0.352438197
Gene.519,3,0.748140744,0.837986867,0.216311428
Gene.520,2,0.171891387,-0.336941857,-0.772531888
Gene.521,2,-0.215812604,-0.654404631,-0.531321528
Gene.522,2,-0.312759437,0.15287065,0.843828425
Gene.523,3,0.736319973,0.962678595,0.349189663
Gene.524,2,-0.44454026,-0.374674207,0.315052761
Gene.525,2,-0.1041527,0.323366155,0.815841936
Gene.526,2,0.362590233,-0.084730014,-0.569953629
Gene.527,3,0.826973198,0.986031886,0.203791005
Gene.528,3,0.906548673,0.951204821,0.04801732
Gene.529,3,0.81852294,0.992487477,0.213334661
Gene.530,3,0.880401544,0.976635291,0.102920354
Gene.531,3,0.668224697,0.936916831,0.369626505
Gene.532,3,0.801019538,0.961381029,0.186127643
Gene.533,1,0.869349255,0.504979411,-0.621291396
Gene.534,3,0.809908737,0.987712161,0.19855799
Gene.535,3,0.774627258,0.9521813,0.30495675
Gene.536,3,0.639408105,0.853956879,0.187927062
Gene.537,2,0.666294005,0.303915133,-0.529607881
Gene.538,2,-0.204776607,0.184488644,0.812024138
Gene.539,3,0.765749897,0.990637524,0.304680705
Gene.540,3,0.797230558,0.899488277,0.096293786
Gene.541,2,-0.212859776,-0.407975765,-0.276208168
Gene.542,3,0.885995774,0.978978172,0.086809712
Gene.543,2,0.55863185,0.457216822,-0.138765745
Gene.544,3,0.845411122,0.991314531,0.167190047
Gene.545,3,0.847071857,0.986754345,0.145915485
Gene.546,3,0.746782901,0.966188683,0.341298926
Gene.547,3,0.735131833,0.922557889,0.266547933
Gene.548,3,0.664765548,0.903228538,0.431930373
Gene.549,3,0.829058969,0.977806929,0.152680857
Gene.550,1,0.980543753,0.86160688,-0.240072354
Gene.551,2,0.740110726,0.407143349,-0.489968956
Gene.552,3,0.8614769,0.990881885,0.137052857
Gene.553,2,-0.460385867,-0.22147636,0.642893412
Gene.554,3,0.863050868,0.961360173,0.142759038
Gene.555,3,0.815207628,0.983818451,0.23699144
Gene.556,3,0.818699846,0.917094085,0.18165325
Gene.557,3,0.922677564,0.860234174,-0.135450985
Gene.558,2,-0.007921731,0.32410079,0.641794174
Gene.559,2,0.255178813,0.656489376,0.759221396
Gene.560,2,-0.117060993,-0.033859233,0.12613312
Gene.561,3,0.86217473,0.983152213,0.10820409
Gene.562,3,0.775291695,0.943015107,0.19103682
Gene.563,2,0.52414709,0.045674977,-0.664815993
Gene.564,2,0.676390536,0.3732391,-0.360336787
Gene.565,2,0.67805918,0.155259715,-0.823396731
Gene.566,3,0.774824754,0.963754961,0.29255226
Gene.567,3,0.753921512,0.964759588,0.317694022
Gene.568,3,0.866190174,0.95751858,0.034812357
Gene.569,1,0.771772031,0.503820283,-0.555801987
Gene.570,3,0.565643153,0.877701905,0.545431908
Gene.571,3,0.743258579,0.959576362,0.346215295
Gene.572,3,0.889984699,0.981109357,0.087375983
Gene.573,2,0.72939642,0.233515318,-0.782874421
Gene.574,3,0.43063437,0.699389751,0.54417389
Gene.575,3,0.701565562,0.976192181,0.388999796
Gene.576,3,0.691667818,0.73080613,0.045243093
Gene.577,3,0.753392167,0.877857353,0.175409003
Gene.578,3,0.896212554,0.974723046,0.088475854
Gene.579,2,0.59743674,0.430439578,-0.139881362
Gene.580,3,0.777014013,0.932233956,0.232587976
Gene.581,1,0.811599609,0.467386444,-0.489779523
Gene.582,1,0.91566834,0.834167573,-0.156511858
Gene.583,3,0.737980943,0.980111208,0.303789849
Gene.584,3,0.783579163,0.990400263,0.284326268
Gene.585,3,0.857963293,0.978280324,0.137753873
Gene.586,3,0.938286678,0.949811974,-0.064475872
Gene.587,3,0.836317505,0.990475132,0.170213443
Gene.588,2,-0.30272474,0.011538566,0.622477397
Gene.589,3,0.80804045,0.836041734,0.108410962
Gene.590,3,0.863821049,0.988306504,0.155653814
Gene.591,2,0.137535612,-0.353381188,-0.816082825
Gene.592,1,0.95175232,0.800654484,-0.334166025
Gene.593,3,0.563709556,0.834133818,0.427353867
Gene.594,3,0.886659949,0.974188024,0.089442014
Gene.595,3,0.612032067,0.880002238,0.448094389
Gene.596,3,0.879622357,0.975527737,0.090691509
Gene.597,3,0.770447616,0.977229045,0.279394267
Gene.598,2,-0.290036089,-0.32129821,-0.004212617
Gene.599,3,0.723047318,0.957471518,0.334155207
Gene.600,3,0.908670051,0.897777675,-0.032313181
Gene.601,1,0.978302753,0.826386275,-0.312350187
Gene.602,3,0.770078669,0.975888702,0.285043231
Gene.603,2,0.121072556,-0.274477934,-0.444348015
Gene.604,3,0.474676698,0.851748479,0.627061557
Gene.605,2,0.223134672,-0.223192141,-0.87707589
Gene.606,3,0.882883083,0.912539739,0.012674906
Gene.607,2,-0.017037465,-0.518266635,-0.738706958
Gene.608,3,0.880038554,0.900193206,0.042018262
Gene.609,3,0.886890308,0.892710448,-0.025015698
Gene.610,3,0.891671477,0.929422243,0.04947723
Gene.611,3,0.851678544,0.971887439,0.103090033
Gene.612,3,0.775594618,0.990772272,0.261809757
Gene.613,3,0.813288027,0.981859962,0.181591535
Gene.614,1,0.983987207,0.868933786,-0.237774871
Gene.615,2,0.337147951,0.458082629,0.384149319
Gene.616,2,0.458911028,-0.12154312,-0.901983335
Gene.617,3,0.856625227,0.940192986,0.117478657
Gene.618,2,-0.390777227,0.002016159,0.804163167
Gene.619,2,0.677494895,0.421727598,-0.496913254
Gene.620,3,0.705298903,0.947445199,0.306775487
Gene.621,1,0.933283268,0.636048067,-0.473382377
Gene.622,1,0.893159141,0.807389083,-0.120958221
Gene.623,3,0.834544944,0.9859686,0.155006849
Gene.624,2,0.266323166,-0.278020738,-0.850093038
Gene.625,3,0.71315147,0.960829141,0.393156674
Gene.626,3,0.86873484,0.975663081,0.132796698
Gene.627,3,0.836122852,0.975536731,0.164470336
Gene.628,2,0.418558096,0.574782084,0.282593496
Gene.629,3,0.810735771,0.971585119,0.223267122
Gene.630,3,0.888345781,0.922726071,-0.049194974
Gene.631,3,0.667509408,0.87108786,0.268796046
Gene.632,2,-0.182224596,-0.429841255,-0.186603614
Gene.633,3,0.903390322,0.962205772,0.036219331
Gene.634,3,0.813690291,0.98456173,0.186184821
Gene.635,2,0.041365937,-0.50705916,-0.823221949
Gene.636,3,0.818868027,0.990854165,0.222196612
Gene.637,2,0.260719138,-0.302977413,-0.842116877
Gene.638,3,0.805354706,0.993294425,0.229165087
Gene.639,3,0.922759974,0.948174924,-0.029663059
Gene.640,3,0.756147686,0.896288178,0.261246259
Gene.641,3,0.592155006,0.833188155,0.477153576
Gene.642,3,0.718789339,0.975652027,0.31482263
Gene.643,3,0.806123779,0.990313718,0.237509858
Gene.644,2,0.491156229,0.644754395,0.305821775
Gene.645,3,0.90019815,0.962532051,0.02701396
Gene.646,3,0.908290298,0.969068806,0.05985355
Gene.647,3,0.873533128,0.959358377,0.056371388
Gene.648,3,0.810283335,0.969180565,0.214530853
Gene.649,3,0.858416755,0.98882844,0.156453192
Gene.650,3,0.841752882,0.969563184,0.144106287
Gene.651,3,0.452882391,0.663809337,0.326821694
Gene.652,3,0.568207218,0.907465786,0.507084473
Gene.653,3,0.878132597,0.977750049,0.092292715
Gene.654,3,0.689719206,0.975137397,0.410728907
Gene.655,2,0.500396817,0.029815898,-0.713027974
Gene.656,2,0.345991445,0.674013862,0.470141308
Gene.657,2,0.611411689,0.581725444,-0.04253956
Gene.658,2,0.151094944,-0.422163984,-0.886234134
Gene.659,3,0.734099436,0.964942863,0.33847022
Gene.660,2,0.448795296,-0.006026188,-0.649883324
Gene.661,3,0.797755671,0.987004512,0.21447575
Gene.662,3,0.727449953,0.96315634,0.350445217
Gene.663,2,0.404663711,0.522115745,0.192893412
Gene.664,1,0.935402097,0.772190227,-0.269108907
Gene.665,2,0.315243987,0.630370307,0.63253491
Gene.666,3,0.802825268,0.911707601,0.1205493
Gene.667,1,0.949044681,0.680373532,-0.418640064
Gene.668,2,0.34624194,0.602433722,0.263639116
Gene.669,3,0.441747706,0.832267725,0.618473115
Gene.670,1,0.96494792,0.929981564,-0.119741723
Gene.671,1,0.893765229,0.510660809,-0.620571718
Gene.672,3,0.9111406,0.948374696,-0.032375573
Gene.673,1,0.986119617,0.819236691,-0.276047112
Gene.674,2,0.706161026,0.364438738,-0.432042793
Gene.675,3,0.867495767,0.974085135,0.075389593
Gene.676,3,0.430016789,0.82226754,0.647817803
Gene.677,3,0.634783233,0.904594916,0.430521012
Gene.678,3,0.824675803,0.911197769,0.146801935
Gene.679,2,0.157741565,-0.327358007,-0.845843325
Gene.680,3,0.892327269,0.961733335,0.039245482
Gene.681,3,0.605489204,0.769836669,0.331868787
Gene.682,2,0.463630774,-0.002141916,-0.6486957
Gene.683,3,0.376142463,0.692396662,0.492487851
Gene.684,3,0.854046628,0.914638266,0.036737251
Gene.685,3,-0.520638879,-0.703511189,-0.109621982
Gene.686,1,0.862046488,0.678322019,-0.234310392
Gene.687,3,0.799379667,0.989441571,0.236486606
Gene.688,3,0.865166976,0.824027931,-0.118461291
Gene.689,3,0.928225768,0.964644415,-1.91E-06
Gene.690,1,0.782349419,0.364543531,-0.629410213
Gene.691,2,0.471004895,0.598027876,0.293697135
Gene.692,3,0.703657136,0.882753132,0.268862882
Gene.693,3,0.742940088,0.97920279,0.324013463
Gene.694,3,0.855588411,0.988942757,0.141321984
Gene.695,3,0.787850654,0.978631708,0.302783975
Gene.696,2,0.259815746,0.433278258,0.391888151
Gene.697,3,0.879648792,0.899419909,-0.087347543
Gene.698,1,0.867389824,0.781263581,-0.137314747
Gene.699,3,0.723456793,0.898076883,0.303040134
Gene.700,1,0.959114442,0.852439797,-0.185173208
Gene.701,1,0.861007421,0.729444996,-0.215000956
Gene.702,3,0.636773975,0.790220387,0.289316501
Gene.703,1,0.982436444,0.883660139,-0.185588373
Gene.704,2,-0.009166014,-0.285151791,-0.552048221
Gene.705,3,0.78847226,0.980684156,0.279243281
Gene.706,3,0.793132338,0.99491163,0.264037195
Gene.707,3,0.735262897,0.943950051,0.219208357
Gene.708,1,0.911888398,0.778425263,-0.171919958
Gene.709,3,0.844015645,0.942263537,0.169983405
Gene.710,3,0.8675371,0.977692178,0.086878904
Gene.711,3,0.836014606,0.947569066,0.054166504
Gene.712,2,0.72925956,0.230153526,-0.817667759
Gene.713,3,0.68784606,0.741782564,0.072206069
Gene.714,2,-0.540784144,-0.256000892,0.70971482
Gene.715,3,0.720547583,0.979731314,0.343266079
Gene.716,3,0.859651981,0.945653789,0.112678204
Gene.717,3,0.823410107,0.982997357,0.209311448
Gene.718,2,0.286822673,0.619799087,0.422841323
Gene.719,3,0.858674118,0.973673091,0.095721561
Gene.720,2,-0.103014425,0.073796213,0.514113063
Gene.721,3,0.411462279,0.771958016,0.595033458
Gene.722,2,-0.13683756,-0.221711026,0.013088411
Gene.723,2,0.12070757,0.569934671,0.796779262
Gene.724,3,0.792137665,0.907433888,0.0764916
Gene.725,3,0.929282694,0.957354113,-0.028135293
Gene.726,3,0.795722516,0.948781558,0.224823827
Gene.727,2,-0.203123696,-0.353196861,-0.114376767
Gene.728,1,0.971619432,0.88342581,-0.202471207
Gene.729,3,0.627882054,0.919464198,0.37790782
Gene.730,3,0.779710258,0.971756096,0.204250371
Gene.731,3,0.88933287,0.973524832,0.095938022
Gene.732,3,0.794459237,0.97960803,0.220230954
Gene.733,2,0.716740388,0.48660948,-0.362329085
Gene.734,3,0.900931938,0.956819907,0.076155866
Gene.735,2,0.349213899,0.121555757,-0.192854691
Gene.736,3,0.816221653,0.983417467,0.183636664
Gene.737,3,0.757011064,0.937063114,0.199289932
Gene.738,2,0.671757914,0.495662798,-0.292287662
Gene.739,3,0.911912946,0.952420555,-0.023693819
Gene.740,3,0.87804935,0.956581492,0.086840771
Gene.741,2,0.48196346,-0.080769038,-0.888319483
Gene.742,1,0.963189539,0.759908455,-0.353037902
Gene.743,1,0.925476739,0.773124257,-0.313272888
Gene.744,3,0.769627849,0.932086194,0.100700805
Gene.745,3,0.78825374,0.985512023,0.302753598
Gene.746,3,0.860691406,0.945094986,0.067667009
Gene.747,3,0.897312558,0.972995768,0.041124343
Gene.748,3,0.496047407,0.598031724,0.270677981
Gene.749,2,0.184374608,0.031039679,-0.141713357
Gene.750,1,0.961861387,0.897796787,-0.143958493
Gene.751,2,0.039762532,0.407470261,0.670119541
Gene.752,2,-0.06450333,-0.374409671,-0.384197304
Gene.753,2,0.110231813,-0.218800533,-0.731742844
Gene.754,3,0.890374054,0.889477368,-0.114238061
Gene.755,2,-0.288253033,-0.333862496,0.154558213
Gene.756,3,0.519489995,0.74452807,0.435542365
Gene.757,3,0.658401432,0.945025589,0.351897854
Gene.758,3,0.852691753,0.976529091,0.124268407
Gene.759,3,0.71081261,0.92397419,0.316729376
Gene.760,2,-0.560507212,-0.560698931,0.15466791
Gene.761,3,0.863517079,0.960089754,0.056928885
Gene.762,3,0.812366922,0.972373747,0.231666454
Gene.763,2,0.223406991,0.469224417,0.555446993
Gene.764,3,0.913004106,0.966754978,0.013342594
Gene.765,3,0.874168571,0.816760367,-0.120582679
Gene.766,3,0.659688658,0.954583544,0.458534487
Gene.767,2,0.30318095,0.669863117,0.629704031
Gene.768,2,-0.55247335,-0.407481665,0.451389043
Gene.769,1,0.951881766,0.695863447,-0.454852319
Gene.770,1,0.881326359,0.496487208,-0.606617826
Gene.771,3,0.725918597,0.963688065,0.382526461
Gene.772,3,0.841916748,0.983704604,0.164703761
Gene.773,2,0.215750982,0.674811147,0.784454733
Gene.774,3,0.546603511,0.847091735,0.529542837
Gene.775,2,0.282012737,-0.071282502,-0.589871026
Gene.776,3,0.803012166,0.982840277,0.225163695
Gene.777,3,0.854251955,0.98486848,0.129758427
Gene.778,2,-0.684999361,-0.297165642,0.739964163
Gene.779,2,-0.159319903,0.221981858,0.802608102
Gene.780,3,0.754788737,0.94637733,0.211684797
Gene.781,3,0.612029754,0.875687796,0.410924193
Gene.782,2,0.081002414,-0.207600033,-0.458942754
Gene.783,3,0.819185552,0.988890213,0.203130116
Gene.784,3,0.840553858,0.935524927,0.072515759
Gene.785,3,0.779484175,0.98930884,0.261648518
Gene.786,3,0.715803255,0.927290533,0.331098401
Gene.787,2,0.520916984,0.619313037,0.105179684
Gene.788,1,0.961479097,0.928444508,-0.12625986
Gene.789,2,0.344324126,0.602985936,0.298328002
Gene.790,3,0.75750962,0.973418399,0.257799783
Gene.791,3,0.740077219,0.972415913,0.331566088
Gene.792,3,0.806841291,0.976279645,0.171564885
Gene.793,3,0.757052085,0.973835476,0.284403142
Gene.794,1,0.966065003,0.860974658,-0.230727747
Gene.795,1,0.98223282,0.79497671,-0.368894464
Gene.796,3,0.792338927,0.984115599,0.212304953
Gene.797,3,0.768460873,0.967917319,0.305367272
Gene.798,2,0.369570671,-0.085293391,-0.883214143
Gene.799,3,0.834579422,0.98876186,0.156827402
Gene.800,3,0.843545501,0.99506308,0.168609177
Gene.801,3,0.698910764,0.874115495,0.162324724
Gene.802,2,0.592610154,0.155539426,-0.656963996
Gene.803,3,0.746770361,0.981222334,0.33497378
Gene.804,3,0.825841399,0.838822436,-0.034181384
Gene.805,3,0.849776605,0.982580476,0.128739497
Gene.806,2,0.592654974,0.594872612,0.140364891
Gene.807,1,0.977953752,0.892442404,-0.183460001
Gene.808,3,0.850605425,0.987150998,0.153431956
Gene.809,3,0.666276749,0.914096873,0.338196606
Gene.810,3,0.767438753,0.955208166,0.235259198
Gene.811,3,0.695091972,0.901901276,0.2672041
Gene.812,2,0.565215913,0.143436247,-0.659725092
Gene.813,1,0.908233272,0.576573291,-0.489941198
Gene.814,2,0.131802789,-0.06263082,-0.103286052
Gene.815,3,0.740516429,0.966110883,0.342449371
Gene.816,2,-0.148348849,-0.564347352,-0.544172847
Gene.817,3,0.897455414,0.931848424,-0.055720612
Gene.818,3,0.698386891,0.965137626,0.332589293
Gene.819,2,-0.233470643,-0.012491892,0.413280772
Gene.820,3,0.889973476,0.952750087,0.03332677
Gene.821,2,0.292660497,0.604938148,0.630438643
Gene.822,1,0.955058752,0.898877901,-0.193321897
Gene.823,3,0.789101815,0.939243373,0.143349655
Gene.824,3,0.712193145,0.964244686,0.311529789
Gene.825,3,0.642195741,0.937092039,0.482868754
Gene.826,3,0.826589645,0.963755019,0.106104326
Gene.827,3,0.673167045,0.941276635,0.408700646
Gene.828,3,0.843344225,0.979665879,0.145447354
Gene.829,3,0.648150839,0.869688923,0.236992892
Gene.830,2,0.654167319,0.594825458,-0.062255551
Gene.831,2,0.441779087,0.012227828,-0.858221724
Gene.832,3,0.77986056,0.968880649,0.258372363
Gene.833,1,0.981810027,0.890248105,-0.212072702
Gene.834,1,0.944915536,0.903589618,-0.085332399
Gene.835,3,-0.572441535,-0.734790936,-0.104378528
Gene.836,3,0.714292048,0.967751245,0.360637585
Gene.837,3,0.889353734,0.971704207,0.050190299
Gene.838,3,0.711457825,0.75876174,-0.089415421
Gene.839,3,0.782756686,0.992006231,0.275767931
Gene.840,3,0.711726102,0.971222098,0.401258595
Gene.841,3,0.722553788,0.921626652,0.274081116
Gene.842,2,0.115969534,-0.400616338,-0.84914846
Gene.843,3,0.80450543,0.986804314,0.206955109
Gene.844,3,0.839387923,0.96732429,0.185441962
Gene.845,3,0.693208785,0.868147746,0.310379444
Gene.846,3,0.815685469,0.995000837,0.231536393
Gene.847,3,0.752146343,0.985243794,0.334932817
Gene.848,3,0.770321698,0.991179397,0.292810845
Gene.849,3,0.843414072,0.977669436,0.176684843
Gene.850,3,0.835428678,0.989572339,0.194157711
Gene.851,2,-0.056994336,0.437467821,0.896204228
Gene.852,3,0.757074614,0.973448009,0.265504525
Gene.853,1,0.976333867,0.847344469,-0.256489346
Gene.854,3,0.735901565,0.817937582,0.116872146
Gene.855,2,-0.422295737,-0.451098616,0.21369778
Gene.856,3,0.442468013,0.689415206,0.475047025
Gene.857,3,0.851290646,0.98325992,0.126232635
Gene.858,3,0.81664868,0.991794987,0.231450589
Gene.859,3,0.605499418,0.928891316,0.472342786
Gene.860,3,0.758281481,0.988113973,0.319985478
Gene.861,2,0.447677602,0.426109076,0.165425275
Gene.862,3,0.816809873,0.876928437,0.036385839
Gene.863,2,0.331344821,-0.204442691,-0.862747411
Gene.864,3,0.824534872,0.898366378,0.065201916
Gene.865,3,0.817815635,0.939037085,0.13374292
Gene.866,3,0.69396691,0.933517827,0.351861922
Gene.867,3,0.85256926,0.990154498,0.153813205
Gene.868,3,0.86262081,0.979916969,0.106177126
Gene.869,2,0.663138059,0.444692598,-0.445796029
Gene.870,3,0.681189161,0.93113368,0.385826676
Gene.871,3,0.637523518,0.714622411,0.206591761
Gene.872,2,-0.041704735,-0.171553417,-0.130515697
Gene.873,3,0.774891069,0.927467342,0.216397052
Gene.874,3,0.718791045,0.979225562,0.339124788
Gene.875,3,0.769719569,0.939486107,0.257067728
Gene.876,3,0.835573149,0.988497545,0.199492948
Gene.877,3,0.451794031,0.808881198,0.633135537
Gene.878,3,0.639459426,0.904035008,0.443964299
Gene.879,3,0.75417267,0.964806083,0.226307515
Gene.880,2,0.129286331,0.296651656,0.463155524
Gene.881,3,0.790067037,0.789217812,-0.156520678
Gene.882,3,0.819578373,0.912374013,0.050044104
Gene.883,3,0.78616681,0.991163683,0.281857903
Gene.884,2,0.231013672,-0.329458405,-0.863001341
Gene.885,3,0.733421777,0.981362722,0.354386975
Gene.886,3,0.744990346,0.731817115,0.058453604
Gene.887,3,0.825955481,0.942920672,0.128927038
Gene.888,3,0.652627018,0.816896964,0.30731889
Gene.889,2,0.573648437,0.314865091,-0.232895879
Gene.890,2,0.216542007,-0.337078589,-0.825585284
Gene.891,3,0.855900008,0.891306743,-0.063344423
Gene.892,3,0.783485958,0.981010651,0.2494178
Gene.893,3,0.817940363,0.967056429,0.206231567
Gene.894,3,0.732799235,0.981834848,0.364072958
Gene.895,2,0.160354481,0.294418835,0.267813619
Gene.896,1,0.942247593,0.792353203,-0.3414419
Gene.897,3,0.791536599,0.991264135,0.249334401
Gene.898,3,0.551462646,0.777261789,0.471578286
Gene.899,3,0.822279048,0.988185502,0.183436353
Gene.900,3,0.851563711,0.967879464,0.117890558
Gene.901,2,0.541412474,0.177801098,-0.592842951
Gene.902,3,0.872543634,0.965072059,0.08236955
Gene.903,3,0.803773889,0.9855491,0.214724974
Gene.904,3,0.810918984,0.994695444,0.230676792
Gene.905,3,0.784098787,0.97055398,0.277563973
Gene.906,3,0.581991605,0.860893675,0.526090911
Gene.907,1,0.957927815,0.865193896,-0.130141246
Gene.908,3,0.823957669,0.983620857,0.173127326
Gene.909,2,-0.669381387,-0.637952784,0.261995419
Gene.910,3,0.783776527,0.972221068,0.242231646
Gene.911,1,0.89121396,0.688002337,-0.294922428
Gene.912,3,0.758802379,0.975733983,0.314824514
Gene.913,3,0.858921361,0.968346758,0.06973232
Gene.914,3,0.887393336,0.949825739,0.066617069
Gene.915,2,-0.1105044,-0.205627886,0.082404233
Gene.916,3,0.894586415,0.979879096,0.065827939
Gene.917,3,0.87501841,0.982750052,0.106173053
Gene.918,3,0.733459216,0.983166341,0.334479534
Gene.919,3,0.875807811,0.983846393,0.130211327
Gene.920,3,0.638063782,0.879412926,0.341994144
Gene.921,3,0.925745607,0.969596473,0.007174354
Gene.922,1,0.976453895,0.760474239,-0.393180465
Gene.923,3,0.806961494,0.991320771,0.233170953
Gene.924,1,0.941208311,0.925192498,-0.062598836
Gene.925,3,0.706367284,0.959501107,0.365361606
Gene.926,3,0.770410307,0.96303272,0.281654097
Gene.927,2,0.722152845,0.476026167,-0.348850001
Gene.928,1,0.830058141,0.755196687,-0.115460176
Gene.929,2,-0.195305036,0.028220082,0.580046033
Gene.930,3,0.888527492,0.975914664,0.080313584
Gene.931,3,0.846843206,0.949218066,0.191447429
Gene.932,3,0.68907459,0.949428268,0.383774436
Gene.933,3,0.816729063,0.951716095,0.077401565
Gene.934,1,0.839411329,0.405101538,-0.703437978
Gene.935,3,0.779259481,0.986187183,0.256365914
Gene.936,2,0.399367675,0.517960483,-0.093359238
Gene.937,2,-0.293901826,-0.423229509,0.032422874
Gene.938,2,0.501946599,0.444987599,0.017938043
Gene.939,1,0.889130188,0.744188741,-0.392772464
Gene.940,2,-0.100550441,0.374709733,0.888783499
Gene.941,3,0.804995207,0.984870453,0.202232379
Gene.942,3,0.705442103,0.958025817,0.328074359
Gene.943,3,0.764977446,0.896651751,0.088322611
Gene.944,1,0.838903824,0.535132901,-0.38435021
Gene.945,2,0.195734341,0.371660416,0.367925577
Gene.946,3,0.855498184,0.993986165,0.169792939
Gene.947,2,0.39799519,0.63669142,0.458277093
Gene.948,3,0.800823719,0.996334078,0.250050182
Gene.949,2,0.468114016,0.005339135,-0.881902429
Gene.950,3,0.874955786,0.982977374,0.120183441
Gene.951,3,0.684937233,0.951464845,0.346993385
Gene.952,1,0.794093413,0.602852355,-0.246236243
Gene.953,3,0.839009527,0.986378726,0.181449906
Gene.954,3,0.879708639,0.949499562,0.095498844
Gene.955,3,0.91402189,0.937112458,0.014004708
Gene.956,3,0.840507764,0.965649213,0.121298262
Gene.957,2,0.381601486,0.04034058,-0.38170007
Gene.958,3,0.794857719,0.977374245,0.265553532
Gene.959,2,-0.334237188,0.084977318,0.560186939
Gene.960,3,0.81527139,0.9836146,0.222392383
Gene.961,3,0.766971603,0.964718155,0.301480438
Gene.962,3,0.61088129,0.894863639,0.445379762
Gene.963,3,0.86509773,0.983469731,0.09529024
Gene.964,1,0.93346188,0.924798677,-0.018659551
Gene.965,3,0.783827873,0.990220771,0.251788673
Gene.966,3,0.828025534,0.984401417,0.193815953
Gene.967,2,-0.397365052,-0.072530041,0.684326881
Gene.968,3,0.769139758,0.984422925,0.278551713
Gene.969,3,0.824498855,0.988862988,0.206230791
Gene.970,3,0.850987825,0.996282571,0.178015538
Gene.971,3,0.835998867,0.994395351,0.196561074
Gene.972,3,0.819307174,0.984607376,0.195120139
Gene.973,2,-0.056322892,-0.14198769,0.009599821
Gene.974,2,0.320896888,0.59071565,0.563369924
Gene.975,2,0.710479235,0.333683949,-0.695377652
Gene.976,3,0.812721103,0.988610853,0.203893267
Gene.977,2,0.506154242,0.447120519,-0.019180814
Gene.978,3,0.913016122,0.93054728,-0.031894263
Gene.979,3,0.797427937,0.789511759,-0.042607696
Gene.980,3,0.756770059,0.980644782,0.284914792
Gene.981,2,0.671014765,0.623577629,-0.102598028
Gene.982,3,0.826185905,0.986960036,0.170780738
Gene.983,3,0.682809424,0.968945571,0.393948441
Gene.984,2,0.43466599,0.099226767,-0.415038439
Gene.985,1,0.950743604,0.764234093,-0.357384122
Gene.986,1,0.946523611,0.935259285,-0.09236725
Gene.987,3,0.665836537,0.911787059,0.40857722
Gene.988,1,0.825711288,0.549659051,-0.496205298
Gene.989,3,0.870585045,0.990379522,0.128423329
Gene.990,3,0.82408844,0.986071812,0.186428496
Gene.991,2,0.16536824,0.619333737,0.79794238
Gene.992,1,0.916571425,0.771269343,-0.218369642
Gene.993,2,0.0713962,-0.425746049,-0.906767449
Gene.994,2,0.393989799,-0.113143032,-0.700947425
Gene.995,3,0.638195,0.923089381,0.385103834
Gene.996,3,0.840906857,0.992080792,0.168878813
Gene.997,3,0.824002215,0.994119012,0.210863738
Gene.998,3,0.786524164,0.949789917,0.235402798
Gene.999,3,0.843453729,0.97063762,0.175388047
Gene.1000,2,0.274696335,-0.02542523,-0.313882248
Gene.1001,3,0.927461785,0.954407025,0.005791446
Gene.1002,3,0.503449244,0.777123657,0.276849596
Gene.1003,3,0.883489465,0.941067688,0.056081995
Gene.1004,2,0.712250273,0.576186228,-0.269381634
Gene.1005,3,0.601035531,0.830250805,0.31610382
Gene.1006,3,0.809973798,0.985199256,0.241147848
Gene.1007,3,0.819009041,0.952338666,0.110237878
Gene.1008,3,0.857539035,0.984994514,0.134997549
Gene.1009,3,0.595129554,0.86365061,0.460025899
Gene.1010,1,0.965606869,0.896845777,-0.168275537
Gene.1011,1,0.852140506,0.758244614,-0.092697289
Gene.1012,1,0.870717642,0.538725748,-0.492708224
Gene.1013,2,0.319263582,0.210084066,0.036102889
Gene.1014,2,-0.646340115,-0.503012706,0.492768369
Gene.1015,2,0.064510916,-0.083796075,-0.028755664
Gene.1016,3,0.756649035,0.686386813,-0.120897819
Gene.1017,3,0.792648061,0.994369803,0.26750962
Gene.1018,3,0.818377016,0.845303047,-0.024726501
Gene.1019,3,0.838766892,0.991067892,0.167254973
Gene.1020,3,0.875682895,0.988657416,0.112089936
Gene.1021,2,-0.44812967,-0.190260198,0.631531389
Gene.1022,3,0.829599812,0.983179371,0.15253585
Gene.1023,2,0.392060228,0.018856924,-0.532434425
Gene.1024,3,0.791625621,0.940804101,0.194885284
Gene.1025,2,0.0870175,0.294541946,0.524218397
Gene.1026,1,0.972460624,0.880141914,-0.187646975
Gene.1027,3,0.801855311,0.98860577,0.213221025
Gene.1028,3,0.803915321,0.986070905,0.228616517
Gene.1029,3,0.816220346,0.992471976,0.212680143
Gene.1030,2,0.371701046,0.360357759,0.048313741
Gene.1031,3,0.727601029,0.901057408,0.198416937
Gene.1032,3,0.878842066,0.889885757,-0.023111662
Gene.1033,2,-0.038730219,0.219832722,0.618590252
Gene.1034,3,0.868467966,0.980445549,0.089161474
Gene.1035,3,0.620245418,0.829335235,0.307891369
Gene.1036,3,0.76901006,0.881015261,0.038813014
Gene.1037,3,0.842610681,0.973579626,0.106772516
Gene.1038,3,0.792574415,0.991238385,0.24414025
Gene.1039,3,0.805981673,0.982960016,0.188621973
Gene.1040,2,0.645387728,0.232562888,-0.743865311
Gene.1041,3,0.820945548,0.993835528,0.200032685
Gene.1042,3,0.648109415,0.916610838,0.340305474
Gene.1043,3,0.771343459,0.873331602,0.101170347
Gene.1044,3,0.76597572,0.890753437,0.086841133
Gene.1045,3,0.771700996,0.981919278,0.287407099
Gene.1046,2,-0.241205066,0.158703581,0.795847425
Gene.1047,2,0.458997343,0.343741946,0.001876601
Gene.1048,3,0.727619312,0.869970753,0.140780626
Gene.1049,3,0.723074696,0.935342113,0.24820157
Gene.1050,3,0.405057694,0.675698246,0.533647458
Gene.1051,3,0.919924264,0.931141763,-0.074312185
Gene.1052,3,0.804209642,0.977967403,0.239008278
Gene.1053,1,0.924241279,0.689217909,-0.412825045
Gene.1054,3,0.770798235,0.973454767,0.28040424
Gene.1055,3,0.681065848,0.843388374,0.238490464
Gene.1056,2,0.417123601,0.205169131,-0.189880938
Gene.1057,3,0.883333608,0.986055894,0.099650295
Gene.1058,1,0.963637563,0.928998908,-0.08389617
Gene.1059,3,0.86847491,0.960867384,0.107672125
Gene.1060,3,0.835756357,0.913066313,0.14768068
Gene.1061,3,0.908489994,0.889754963,-0.12104635
Gene.1062,1,0.945913289,0.932239974,-0.090867116
Gene.1063,3,0.818977873,0.990484393,0.221191909
Gene.1064,3,0.810592708,0.988268429,0.224821776
Gene.1065,3,0.714815142,0.925686816,0.320934219
Gene.1066,3,0.862426306,0.990273931,0.149065315
Gene.1067,3,0.866451298,0.80588979,-0.12307249
Gene.1068,2,0.569134888,0.527570947,0.11304498
Gene.1069,2,0.230768734,-0.252266962,-0.645222973
Gene.1070,3,0.815170471,0.973877259,0.159587471
Gene.1071,3,0.922122511,0.95832329,-0.008449394
Gene.1072,2,-0.363251593,-0.299818076,0.295298592
Gene.1073,3,0.886854703,0.97218411,0.101627063
Gene.1074,2,0.500446418,0.209753291,-0.33729129
Gene.1075,3,0.812020207,0.989655472,0.20413837
Gene.1076,3,0.82863256,0.986418698,0.185605562
Gene.1077,3,0.852081986,0.984324996,0.139705579
Gene.1078,3,0.811417065,0.98711361,0.226564501
Gene.1079,3,0.833945139,0.990523189,0.178499809
Gene.1080,1,0.84606046,0.607931558,-0.519881511
Gene.1081,1,0.859609917,0.595948286,-0.377907632
Gene.1082,3,0.860734954,0.989486964,0.146287747
Gene.1083,2,0.226739813,0.166349918,0.110624529
Gene.1084,3,0.835760054,0.978549951,0.159337489
Gene.1085,3,0.805750115,0.986272295,0.224271336
Gene.1086,1,0.890683693,0.73146696,-0.203499085
Gene.1087,3,0.825322513,0.901137537,0.112465114
Gene.1088,3,0.805912716,0.977674546,0.206050614
Gene.1089,3,0.758726045,0.935740773,0.276086779
Gene.1090,2,0.396211413,-0.091852797,-0.656256285
Gene.1091,3,0.871273173,0.984896851,0.111295957
Gene.1092,2,0.306905994,0.328321162,0.18258002
Gene.1093,3,0.577399854,0.81825366,0.216877152
Gene.1094,3,0.816049071,0.989756056,0.194654507
Gene.1095,1,0.915543608,0.701499962,-0.366660147
Gene.1096,2,0.051337862,0.072438234,0.162548056
Gene.1097,3,0.863300932,0.935113236,0.087791149
Gene.1098,3,0.675260184,0.93310814,0.322613035
Gene.1099,3,0.694370579,0.954200525,0.414746674
Gene.1100,3,0.778334854,0.743823036,0.015128806
Gene.1101,3,0.767561365,0.954153242,0.30261999
Gene.1102,3,0.80601717,0.959719131,0.140775695
Gene.1103,2,0.371591414,0.518209156,0.244613784
Gene.1104,3,0.763643128,0.933914931,0.145553044
Gene.1105,1,0.975952155,0.869779123,-0.216761606
Gene.1106,2,-0.259751684,-0.300915307,0.168772406
Gene.1107,2,0.45198047,0.359125843,-0.427437139
Gene.1108,3,0.892646311,0.9699581,0.025860474
Gene.1109,2,-0.503111369,-0.366098052,0.440212696
Gene.1110,3,0.93316496,0.965069025,0.003902857
Gene.1111,3,0.893835509,0.9749184,0.075731717
Gene.1112,2,0.317810493,0.650904408,0.631118695
Gene.1113,3,0.695619146,0.915024856,0.361872354
Gene.1114,2,-0.632821774,-0.385785737,0.573160608
Gene.1115,3,0.732762557,0.90747923,0.210571944
Gene.1116,1,0.943669994,0.857961155,-0.24240359
Gene.1117,3,0.602299162,0.831434088,0.366528226
Gene.1118,3,0.561061642,0.782030458,0.435062304
Gene.1119,3,0.733809889,0.869856224,0.191480267
Gene.1120,3,0.898734673,0.941066662,0.069860724
Gene.1121,3,0.850139651,0.935547979,0.016903288
Gene.1122,3,0.807606376,0.95631866,0.250478798
Gene.1123,2,-0.042593562,-0.22967263,-0.08465625
Gene.1124,3,0.378286159,0.716846685,0.606673834
Gene.1125,1,0.89919682,0.728224657,-0.31225805
Gene.1126,3,0.821631499,0.986316917,0.197059855
Gene.1127,1,0.903385299,0.833688208,-0.090408951
Gene.1128,3,0.86303814,0.97929006,0.107154542
Gene.1129,3,0.867157308,0.97937971,0.113039403
Gene.1130,3,0.904033806,0.946763576,-0.000855322
Gene.1131,2,-0.61874455,-0.496443673,0.365377398
Gene.1132,2,0.765132465,0.437782539,-0.393965779
Gene.1133,1,0.949060322,0.670749607,-0.522533943
Gene.1134,2,0.147389406,0.183459027,0.298434175
Gene.1135,2,-0.442251126,-0.400779381,0.280976966
Gene.1136,3,0.886243529,0.958379558,0.099158746
Gene.1137,3,0.855069288,0.977331316,0.097915909
Gene.1138,3,0.694013293,0.912014356,0.331801216
Gene.1139,3,0.837414343,0.836947568,0.013062998
Gene.1140,3,0.934573881,0.913187838,-0.065315184
Gene.1141,3,0.790065469,0.897992556,0.035331232
Gene.1142,2,0.266781349,0.1589551,0.009138583
Gene.1143,3,0.878263769,0.97565309,0.078096104
Gene.1144,3,0.927940283,0.929485421,-0.048559508
Gene.1145,2,0.105017951,-0.287625094,-0.493864544
Gene.1146,3,0.78910463,0.974354629,0.245269596
Gene.1147,1,0.969595125,0.910186125,-0.163700591
Gene.1148,2,0.556222882,0.382374325,-0.205866426
Gene.1149,2,0.304026596,0.143870334,-0.153740286
Gene.1150,2,-0.578464629,-0.582396706,-0.143504952
Gene.1151,3,0.871028933,0.935864071,0.000218744
Gene.1152,3,0.915518225,0.933862605,-0.071006899
Gene.1153,3,0.664831782,0.688919611,0.190323924
Gene.1154,1,0.906752802,0.776336483,-0.258448279
Gene.1155,3,0.858892955,0.86492214,0.064219729
Gene.1156,3,0.780987543,0.975005453,0.301837288
Gene.1157,3,0.808886545,0.989841082,0.231748723
