,index,kME_MM.blue,kME_MM.brown,kME_MM.turquoise,kME_MM.grey
Gene.1,2,-0.411060118,0.850388819,0.262625211,-0.075572945
Gene.2,4,0.016225919,0.295532998,0.350296597,0.763183235
Gene.3,4,0.352799518,0.48320339,-0.36575114,0.03720886
Gene.4,3,0.0272188,0.298581983,-0.02569803,0.597392726
Gene.5,3,0.089701699,0.282426266,-0.069883801,0.777231308
Gene.6,4,-0.385750542,0.717619919,0.551285416,0.060626174
Gene.7,2,-0.525602276,0.664053017,0.285487718,0.200054818
Gene.8,3,0.115306513,0.255084539,-0.17147453,0.79443441
Gene.9,4,-0.121890266,0.493558053,0.439070721,0.01682313
Gene.10,4,0.035068307,0.347571197,0.479958681,0.447405185
Gene.11,3,-0.107410642,-0.045375846,0.209167087,0.68683003
Gene.12,1,0.845791323,-0.227621344,-0.298710831,0.103462403
Gene.13,4,-0.134264258,0.286652537,0.406540884,0.705272152
Gene.14,4,-0.520780122,-0.037203857,0.658214273,-0.112045486
Gene.15,4,-0.302891863,0.574538931,0.753097007,-0.21165619
Gene.16,1,0.679352486,0.015207855,-0.114026466,-0.046209649
Gene.17,4,-0.382063173,0.050974321,0.87899212,0.022633379
Gene.18,2,0.149943048,0.725029978,0.162582192,-0.050184432
Gene.19,3,-0.048423741,0.159122504,0.20345774,0.412752195
Gene.20,4,-0.022093719,0.550617283,0.478758968,0.011590649
Gene.21,4,-0.300131997,0.168207336,0.892272187,0.069179571
Gene.22,1,0.528370119,0.0733908,-0.388047119,0.639628904
Gene.23,4,0.486847401,0.041031517,0.339990787,-0.241278063
Gene.24,3,-0.094186172,0.321834666,0.294765073,-0.122494723
Gene.25,3,0.366969433,0.194948216,-0.010484206,0.561683018
Gene.26,4,0.359761528,0.069511191,-0.349661722,0.744477324
Gene.27,3,0.094586695,-0.404410765,0.092037468,0.367544778
Gene.28,3,0.187594497,-0.00258627,-0.001866416,0.202589038
Gene.29,4,-0.291374102,0.314499178,0.562040583,0.499550047
Gene.30,3,0.468886944,0.245275527,-0.337928458,0.735757094
Gene.31,3,-0.045253839,-0.210643522,-0.070553137,0.111085865
Gene.32,3,-0.379771034,0.652499806,0.210725436,0.074299837
Gene.33,3,0.153261273,0.137925884,0.181454501,-0.195723993
Gene.34,4,-0.309949095,-0.13160086,0.400118169,-0.036748606
Gene.35,4,-0.39368933,0.782145911,0.526690007,0.225702079
Gene.36,2,0.204120688,0.630498107,-0.304144746,0.49193377
Gene.37,2,-0.269301929,0.652281432,0.289602425,-0.190789149
Gene.38,4,0.526122493,-0.244113756,-0.39665918,-0.334074297
Gene.39,3,0.595991483,0.094449662,-0.223700108,0.196437802
Gene.40,4,-0.12077205,0.189502136,0.803718051,0.21064665
Gene.41,1,-0.632383981,0.24690478,0.366649279,0.360347824
Gene.42,3,0.426654654,-0.156263676,0.218601048,-0.08981508
Gene.43,4,-0.122106137,-0.081443339,0.7167657,0.178517233
Gene.44,4,0.075756295,0.382560586,0.542779804,0.512422195
Gene.45,4,0.22619866,0.221533696,0.390893188,-0.212957123
Gene.46,4,-0.029311365,0.174480553,0.613623699,0.329640152
Gene.47,4,-0.044566504,0.539051902,0.609168732,-0.016275576
Gene.48,3,0.063651054,-0.075527892,0.104398765,0.349221164
Gene.49,3,0.177477303,0.07656439,0.274233665,-0.001665323
Gene.50,4,-0.24007865,0.210854716,0.936740642,0.058079364
Gene.51,3,0.020436526,-0.027724327,0.156025362,0.374651791
Gene.52,3,0.351472626,0.042583068,-0.095498502,0.6770999
Gene.53,3,-0.203314767,0.22366682,0.123835777,0.580676017
Gene.54,4,-0.432663745,0.648505784,0.47575244,-0.176926668
Gene.55,4,-0.23607815,0.132736907,0.774198099,0.19585047
Gene.56,2,-0.27466543,0.61915347,0.049658853,0.261752384
Gene.57,4,-0.166778425,0.087053512,0.844143845,0.172301233
Gene.58,4,-0.509439695,0.641714966,0.557710228,-0.031469888
Gene.59,3,0.31454245,0.071298892,0.117973581,0.387899505
Gene.60,4,-0.043158693,0.245057397,0.453487135,0.496059831
Gene.61,4,0.573708254,-0.368841259,-0.519165493,0.19427347
Gene.62,4,-0.388383187,0.171046078,0.929916692,0.009232866
Gene.63,1,0.5839198,0.285446405,-0.082842363,0.070383353
Gene.64,4,0.140772024,-0.258151197,0.444580899,-0.384022543
Gene.65,4,-0.370667502,-0.034760279,0.734196832,-0.087906162
Gene.66,4,0.178459073,0.390461055,0.423967331,-0.219017633
Gene.67,4,-0.357465635,0.280170842,0.879746726,0.135972233
Gene.68,4,-0.112806116,0.093126881,0.483744482,0.512691569
Gene.69,3,0.058479144,-0.044041125,0.196432353,0.209377697
Gene.70,4,-0.171315094,-0.015258369,0.856725532,0.133051238
Gene.71,4,-0.357419445,0.010433474,0.6981954,0.357489803
Gene.72,4,-0.071713309,0.346317125,0.667588495,-0.217988867
Gene.73,3,0.118711648,-0.342024786,0.20570995,0.042538106
Gene.74,2,0.114278763,0.747413668,-0.104594014,0.318724217
Gene.75,3,0.250304621,0.211398615,-0.021908862,-0.119515841
Gene.76,4,-0.461147716,0.300421258,0.889311156,0.113549767
Gene.77,4,-0.131709011,0.324460778,0.465442272,0.431628788
Gene.78,4,-0.101293943,0.292220279,0.441274055,0.078847351
Gene.79,3,0.007437867,0.345752211,0.093200736,0.073401135
Gene.80,4,0.363408969,0.037134667,0.336270249,0.462245755
Gene.81,3,0.276435477,0.064257107,-0.085731828,-0.393630252
Gene.82,4,0.317305013,-0.078150329,-0.41303159,-0.050244766
Gene.83,3,-0.184738994,-0.002062636,0.260539253,-0.055651845
Gene.84,4,-0.243318561,-0.126534779,0.386635372,-0.12868603
Gene.85,4,-0.188635526,0.154558631,0.824139921,-0.273162898
Gene.86,4,-0.01685359,0.098897662,0.751537549,0.190569565
Gene.87,4,0.511425795,0.064794717,-0.61081402,0.368355183
Gene.88,2,-0.076601583,0.679036646,-0.110080225,0.305380745
Gene.89,4,-0.163690484,0.017323473,0.764700935,0.26428583
Gene.90,4,-0.159036918,0.099989325,0.490169135,-0.100447312
Gene.91,3,-0.345287096,0.016186608,0.214083009,-0.121486711
Gene.92,3,0.101631925,-0.020782675,0.28696667,0.494815653
Gene.93,4,0.158289184,0.339647082,0.621795631,-0.263128031
Gene.94,3,0.407155461,0.219726897,0.232094616,0.12831549
Gene.95,3,0.495754402,-0.067144685,0.224538976,-0.066880297
Gene.96,3,-0.302387981,0.341015836,-0.272062001,0.423005345
Gene.97,4,-0.272031941,0.664703333,0.685393434,-0.058407911
Gene.98,4,-0.027189955,0.024241778,0.547408242,0.073394605
Gene.99,4,0.148636242,0.061518816,0.689482941,0.232337663
Gene.100,4,-0.009654006,0.259297385,0.658539964,0.417409292
Gene.101,1,0.611786851,-0.327660665,-0.369033758,0.129069927
Gene.102,4,-0.356632512,0.271994254,0.952667215,0.076722043
Gene.103,3,-0.261585815,-0.035525985,-0.029307383,-0.026525214
Gene.104,2,-0.281154801,0.907104464,-0.042389708,-0.091018914
Gene.105,3,0.076452556,0.341040209,-0.015812598,0.607105626
Gene.106,4,-0.492692251,0.349413796,0.746443023,-0.200842551
Gene.107,4,0.475241229,0.245334073,-0.421125762,0.440663143
Gene.108,4,-0.032228494,0.086875009,0.386686959,0.458279722
Gene.109,4,-0.139430522,0.223435416,0.354105892,-0.066854132
Gene.110,3,0.180365391,0.121989862,-0.088045558,-0.272334667
Gene.111,3,0.466255727,0.126094256,0.052236574,-0.321844807
Gene.112,4,-0.105383177,0.21557448,0.802100429,0.279972114
Gene.113,4,-0.183535345,-0.149402032,0.663388073,0.20217088
Gene.114,4,-0.33423285,0.259816565,0.921776539,0.15452403
Gene.115,3,0.2272713,-0.022153635,-0.287743661,0.608144937
Gene.116,4,-0.323209162,-0.032346689,0.942567227,-0.009704628
Gene.117,3,-0.14987674,0.297376846,0.295749349,0.687465749
Gene.118,3,0.000864613,-0.18887609,0.084402227,0.31910721
Gene.119,4,0.245606256,0.085585588,0.683212561,0.215176433
Gene.120,3,0.156039593,0.049964903,-0.241308002,-0.068886797
Gene.121,3,0.122853079,0.188160336,-0.043626798,0.657626022
Gene.122,2,-0.056992104,0.721261737,-0.04368673,0.601975675
Gene.123,3,0.457619786,-0.35077576,-0.135250572,-0.333401608
Gene.124,4,-0.231191284,0.172650008,0.609233434,0.064448528
Gene.125,2,-0.267751933,0.796202402,0.173372847,0.560075079
Gene.126,3,-0.143936383,0.453215944,0.211415686,0.396648087
Gene.127,4,-0.206048889,0.28952664,0.883893012,-0.132249269
Gene.128,4,-0.22670499,0.218012757,0.378471738,-0.041980437
Gene.129,3,0.424551354,0.315150157,0.204030102,-0.104300361
Gene.130,3,0.006643025,0.162190762,0.159423607,0.676171694
Gene.131,4,-0.177932448,0.330296093,0.838839022,0.126221357
Gene.132,1,0.682689678,0.139709712,-0.167195207,0.170438769
Gene.133,4,0.163877416,0.06957252,-0.370365692,0.19740917
Gene.134,4,-0.323419565,0.553499275,0.475849769,-0.075956947
Gene.135,3,-0.051330955,0.070221846,0.158924446,-0.076764055
Gene.136,3,0.052757034,0.087750008,-0.23428881,0.49983825
Gene.137,4,-0.341547798,0.307473076,0.798444142,0.403378095
Gene.138,4,-0.460188129,0.187066711,0.609967596,-0.099174978
Gene.139,4,0.129957209,-0.310199975,0.436181267,0.089372217
Gene.140,2,-0.322165689,0.741849059,-0.095478451,0.547787864
Gene.141,4,-0.340392045,0.164660205,0.673904745,0.114018982
Gene.142,3,0.300351646,-0.029207984,-0.059664632,0.591360425
Gene.143,1,0.911293385,-0.036896002,-0.392866785,0.085298884
Gene.144,1,-0.645329488,0.245239048,0.331215572,0.290363357
Gene.145,3,0.074430115,0.129953888,-0.319597397,0.648483514
Gene.146,2,0.518745639,0.376715191,0.00245723,0.396256119
Gene.147,4,-0.080838594,0.056115202,0.488792862,0.034992376
Gene.148,4,-0.122483324,0.147942926,0.34907081,0.232715083
Gene.149,4,-0.04317516,0.318354316,0.55448104,0.059966709
Gene.150,3,0.221917574,-0.199691775,-0.064347444,0.127145435
Gene.151,4,-0.35374395,0.342583325,0.763352364,0.365838797
Gene.152,2,-0.057158693,0.743817159,0.157415639,0.185786854
Gene.153,3,0.510278451,-0.021808679,-0.381658021,0.548415833
Gene.154,3,-0.182977988,0.054231724,0.283882543,0.816793586
Gene.155,4,0.039437525,0.318873348,0.634368511,0.223497495
Gene.156,4,0.007296137,-0.037042265,0.307320554,-0.24677638
Gene.157,1,0.736423516,0.037285655,-0.404994497,-0.288923339
Gene.158,3,0.169571039,0.15865445,-0.152282519,0.037264161
Gene.159,1,0.864555172,-0.406779513,-0.445145658,-0.069791281
Gene.160,4,0.1591633,-0.114513633,0.390740441,-0.740682883
Gene.161,4,-0.277006753,-0.053530995,0.639931978,-0.255344264
Gene.162,4,-0.515140299,0.582837415,0.695323729,0.33739054
Gene.163,4,-0.385060689,0.137486255,0.909267921,-0.248389926
Gene.164,4,-0.719680063,0.525628236,0.714249873,0.130096901
Gene.165,3,0.438613428,0.098395174,-0.404041161,0.45422823
Gene.166,3,-0.483271139,0.110945246,0.30983592,-0.034966496
Gene.167,4,-0.002427751,-0.263794846,0.50470348,-0.370811569
Gene.168,4,-0.097137628,-0.32045021,0.457306938,-0.525951633
Gene.169,4,-0.317351672,0.124987292,0.775690394,0.459157153
Gene.170,4,-0.202538276,-0.178934829,0.702043797,0.375980867
Gene.171,4,-0.291452486,0.097691103,0.888019711,0.29610156
Gene.172,4,-0.186807789,0.167347613,0.555433732,0.317819741
Gene.173,3,0.076968355,0.318626326,-0.124293103,0.435663442
Gene.174,4,-0.409444486,0.677945865,0.559793688,0.103954982
Gene.175,4,-0.247772852,0.339683397,0.696396643,0.555189434
Gene.176,4,-0.325719697,0.635870326,0.67991747,0.003638928
Gene.177,3,0.121360551,0.16607791,0.240078978,-0.121900075
Gene.178,3,-0.376762865,0.041898744,0.258134949,-0.144346489
Gene.179,4,-0.202261551,-0.091840994,0.532871186,0.073621449
Gene.180,4,-0.305791613,0.039059665,0.838045501,0.140369105
Gene.181,3,-0.191782138,-0.324076582,0.054464314,-0.24449399
Gene.182,2,-0.19213543,0.856876868,0.167884734,-0.050026836
Gene.183,4,-0.38427943,0.445248843,0.329156436,0.232627216
Gene.184,4,-0.147756306,0.31043681,0.548564862,0.254122029
Gene.185,4,-0.27050665,0.334277873,0.894565436,-0.083563699
Gene.186,4,-0.225447247,-0.111723228,0.780651519,-0.179433006
Gene.187,3,-0.039939472,0.276885232,-0.035574162,0.522384243
Gene.188,3,-0.493198977,0.539548585,0.245365356,0.445931609
Gene.189,4,-0.317709439,0.318640554,0.925969369,0.219952568
Gene.190,3,0.368293918,-0.050793624,-0.270259933,-0.450726433
Gene.191,4,0.231668345,0.340761388,0.493910786,0.262447789
Gene.192,1,0.661454092,-0.25209241,0.179837457,0.115514905
Gene.193,4,-0.300229008,-0.155813688,0.586820091,0.119312447
Gene.194,1,0.709610515,-0.2694977,-0.032209907,0.263528496
Gene.195,4,-0.622965195,-0.143150141,0.710469658,0.062803208
Gene.196,1,0.682362228,-0.377588366,0.026864731,-0.264574852
Gene.197,3,0.369704503,0.179728647,0.12368479,0.073462017
Gene.198,2,-0.099279194,0.864188388,-0.074341402,0.208719967
Gene.199,1,0.812521074,-0.261276214,-0.14896029,-0.182337899
Gene.200,4,0.280774019,0.082308231,-0.443035461,0.18544555
Gene.201,3,-0.111106565,0.474566779,0.123109598,0.663039186
Gene.202,4,-0.180092599,0.214999179,0.718913303,-0.503208402
Gene.203,3,0.093299785,0.544017901,0.23283528,0.110284383
Gene.204,4,0.524399605,0.04292749,-0.646938974,0.077656439
Gene.205,3,0.279599364,-0.008943887,-0.242875414,-0.145446176
Gene.206,4,-0.446785545,0.056835822,0.916398152,-0.068081376
Gene.207,3,-0.098829281,0.150217388,-0.035360956,-0.187321291
Gene.208,4,-0.348552327,-0.008177322,0.350897842,0.327881948
Gene.209,2,-0.253875871,0.866739675,0.240858166,-0.162906092
Gene.210,2,0.427396504,0.489286474,-0.130840964,0.459784337
Gene.211,4,-0.025179628,0.299607455,0.613472225,-0.482795237
Gene.212,4,-0.108665686,0.058773368,0.848260962,-0.280397147
Gene.213,4,-0.290639871,0.165346525,0.712144305,-0.149505088
Gene.214,2,-0.008928531,0.851584102,-0.131053578,0.424666676
Gene.215,3,0.100497128,0.377770872,0.256854511,0.366470801
Gene.216,4,0.169747599,-0.205759727,0.539406967,-0.194108194
Gene.217,4,-0.101316181,0.598588285,0.41918044,0.463660239
Gene.218,4,-0.161494231,-0.126849048,0.88005641,0.252704994
Gene.219,3,0.173825236,-0.114534146,0.248357549,0.343838566
Gene.220,4,-0.061057882,-0.479573706,0.450213035,0.09673147
Gene.221,3,-0.143237015,0.159524971,0.070792292,-0.199768858
Gene.222,4,-0.31658641,0.376184064,0.387394967,-0.134656892
Gene.223,4,-0.203066686,0.289537022,0.535126034,0.73306092
Gene.224,4,-0.29718482,0.455811323,0.454479594,0.388214187
Gene.225,4,-0.282848167,0.097169939,0.934500339,0.186691637
Gene.226,2,-0.166934286,0.846431723,-0.026961768,0.390297206
Gene.227,4,0.140016108,0.297983929,0.397203444,0.253953745
Gene.228,4,0.225121364,-0.323233618,-0.360165866,-0.296909656
Gene.229,4,-0.218425226,-0.061671705,0.772494852,-0.199391065
Gene.230,3,0.097369653,0.131484155,0.177089715,0.638773978
Gene.231,4,0.002837303,-0.329101802,0.639364237,-0.330823645
Gene.232,4,-0.260220024,0.087531601,0.973305906,-0.015650354
Gene.233,3,0.394204275,-0.213972802,0.021892297,-0.102611269
Gene.234,4,-0.117220664,-0.0186975,0.699271194,0.147342253
Gene.235,4,-0.243679337,0.107303626,0.677051182,-0.153546184
Gene.236,4,-0.005763585,-0.004741047,0.598459591,0.221662307
Gene.237,4,-0.201207508,0.535806646,0.675835159,0.286736819
Gene.238,2,-0.458032863,0.6517614,0.255767547,0.526672159
Gene.239,4,-0.163356714,-0.01883418,0.757556293,-0.356525967
Gene.240,4,-0.103256292,0.125256896,0.634795988,0.366983213
Gene.241,3,-0.145933325,0.416687989,0.237090955,0.282120285
Gene.242,3,0.001731296,0.283159405,0.284101515,0.335517697
Gene.243,3,0.332164333,0.017558084,0.089027482,-0.241391677
Gene.244,4,-0.237253171,0.30449643,0.815745742,-0.296108737
Gene.245,2,-0.32762426,0.608946755,0.237382445,-0.347748902
Gene.246,4,0.026083477,-0.010280767,0.747715205,0.146406319
Gene.247,4,-0.370164893,0.229839744,0.393508319,-0.44193439
Gene.248,4,-0.477665241,0.445610296,0.686864251,0.065820743
Gene.249,4,-0.282376852,-0.184959605,0.341221268,0.04711909
Gene.250,4,-0.024207143,0.36809833,0.413921969,0.25414413
Gene.251,4,-0.197100685,0.022393323,0.548680582,0.342443317
Gene.252,3,-0.252148288,0.492812134,0.185110232,-0.096559092
Gene.253,4,-0.326326347,-0.267559541,0.377870092,0.367022778
Gene.254,4,-0.492926935,0.23953343,0.540757836,-0.089568258
Gene.255,4,0.277619381,-0.115176718,0.464190712,-0.237273879
Gene.256,3,0.547994647,0.266235749,-0.292265713,-0.208228677
Gene.257,4,-0.047282004,0.362981703,0.600162544,0.080505756
Gene.258,4,0.488854129,0.079694989,-0.367882917,0.022216477
Gene.259,3,0.381451106,-0.421561908,-0.229166566,-0.43042752
Gene.260,4,-0.370653138,0.028004109,0.890036211,-0.016456273
Gene.261,3,0.303971587,0.071935442,0.024927727,-0.356696084
Gene.262,1,0.64880669,-0.24026918,-0.323416681,-0.050338838
Gene.263,4,-0.340614625,-0.042465573,0.767467657,0.148325567
Gene.264,2,-0.119846843,0.916538146,-0.065436128,0.408932798
Gene.265,4,-0.170781367,-0.362820894,0.729477115,-0.111244332
Gene.266,4,-0.070372111,-0.034271517,0.681511201,-0.152854958
Gene.267,4,-0.128499636,0.092660363,0.733547572,-0.042985382
Gene.268,3,0.015740325,-0.133447668,0.232937593,0.390442249
Gene.269,4,-0.081805043,-0.038949538,0.752125415,-0.121459779
Gene.270,1,0.657638026,-0.517715647,-0.251897079,-0.397908459
Gene.271,3,0.347552127,-0.319198518,-0.073825594,0.116092673
Gene.272,4,-0.011298455,-0.051911014,0.787086722,-0.089614347
Gene.273,3,0.07564945,-0.107437682,0.277674168,0.069622027
Gene.274,4,-0.053129684,0.012117859,0.678329902,-0.070123784
Gene.275,3,-0.112275637,0.075694585,0.12622772,0.724868875
Gene.276,1,-0.655912772,0.056083643,0.408979149,-0.017194324
Gene.277,4,-0.438936961,-0.260185202,0.572175384,0.000117138
Gene.278,4,-0.197619587,0.006127457,0.921068721,0.035198262
Gene.279,3,0.335043439,0.012496496,-0.114117206,-0.302247344
Gene.280,4,-0.251277224,-0.079176306,0.848950857,-0.208491813
Gene.281,4,0.188702089,0.133538477,0.376666803,0.200540252
Gene.282,4,-0.118419762,0.29405212,0.736209486,0.309988079
Gene.283,3,-0.11553517,0.008200477,0.165611988,-0.036517711
Gene.284,4,-0.464013167,0.352187051,0.73428678,0.234591384
Gene.285,4,0.008798451,0.444198051,0.686988184,0.29860238
Gene.286,4,-0.148726027,0.028552823,0.332227805,-0.425298667
Gene.287,3,0.187903861,0.121348066,-0.047166726,0.295163251
Gene.288,4,-0.207611915,0.252698847,0.819141369,-0.158651311
Gene.289,3,-0.136268694,-0.192529876,-0.284250509,0.097182934
Gene.290,1,0.504922478,-0.039159019,-0.041003339,-0.297549484
Gene.291,4,0.01448066,-0.216827016,0.557610976,0.314138908
Gene.292,3,0.124874392,-0.376895192,0.24403349,0.218493647
Gene.293,4,-0.214179987,-0.346864051,0.333766933,0.233019843
Gene.294,3,-0.105221159,-0.045096576,-0.208372397,0.429263778
Gene.295,3,-0.174775894,0.190777612,-0.088095775,0.454065834
Gene.296,4,-0.364407709,0.027167495,0.564204132,-0.35386128
Gene.297,4,-0.096619149,-0.181256986,0.821080235,-0.048184284
Gene.298,4,-0.186005745,0.200267176,0.494450679,-0.182061659
Gene.299,4,-0.293939571,0.213255703,0.7051444,-0.216890197
Gene.300,3,0.107501139,0.123765644,-0.002647691,-0.107564829
Gene.301,4,-0.324258415,0.07421878,0.646527988,0.045029707
Gene.302,4,-0.243824295,0.233671197,0.925168838,0.085030286
Gene.303,4,-0.224788162,-0.142411555,0.456177816,0.064307357
Gene.304,3,0.066047016,0.176124727,0.324454609,-0.106050373
Gene.305,4,-0.178248816,-0.183599851,0.342811566,-0.01370038
Gene.306,2,-0.328153344,0.726952608,0.413600289,-0.239723092
Gene.307,1,0.671723756,-0.220390457,-0.387214395,-0.018140392
Gene.308,4,-0.308583769,0.498774116,0.721185978,-0.156412366
Gene.309,3,0.256750104,-0.073110759,0.124612368,-0.054446373
Gene.310,4,-0.412154687,0.111138734,0.921892928,0.091363108
Gene.311,4,-0.092839057,-0.027099259,0.561306973,0.059726835
Gene.312,4,-0.132324597,-0.256022641,0.338408817,0.145360623
Gene.313,4,0.198055437,-0.094914816,-0.306969645,-0.116063806
Gene.314,3,0.502267304,-0.496506392,-0.088662823,-0.052475435
Gene.315,3,0.001567353,0.147769964,-0.057921774,0.288335912
Gene.316,4,0.031050452,0.039691133,0.350923304,0.626587243
Gene.317,4,0.157532945,-0.231175066,0.595914955,-0.514513912
Gene.318,4,0.014695836,-0.176577295,0.683018787,-0.343067367
Gene.319,4,-0.146358116,-0.263628414,0.649749586,-0.010588848
Gene.320,4,0.132949458,-0.110694464,0.810248943,0.008515462
Gene.321,2,-0.048200296,0.814900872,-0.19865889,0.486835261
Gene.322,3,-0.130284233,0.298004272,-0.169160516,0.051520743
Gene.323,4,-0.510915165,0.155065039,0.72215003,0.348540357
Gene.324,3,-0.495355669,0.088435376,0.139863543,0.305336732
Gene.325,4,0.113592226,-0.115047277,0.578444663,-0.149559124
Gene.326,3,0.477243136,0.034280374,0.05905655,-0.079610942
Gene.327,4,-0.316004532,0.009984372,0.856155288,-0.0251579
Gene.328,4,-0.441904048,0.458224486,0.711884828,-0.248616704
Gene.329,2,-0.322609048,0.580939905,0.115239808,-0.387676847
Gene.330,4,-0.368582437,0.075138982,0.957476189,0.154112281
Gene.331,4,-0.108478471,0.080966832,0.895929351,0.168163774
Gene.332,4,0.287218897,0.097097421,-0.394179471,0.755387997
Gene.333,4,-0.507419212,-0.062346819,0.648502995,-0.136920762
Gene.334,4,0.060494819,-0.370383972,0.65468501,-0.297622977
Gene.335,1,0.811049758,-0.384968983,-0.189623165,-0.14780364
Gene.336,1,0.72489495,-0.34256353,0.156564322,-0.377609563
Gene.337,3,-0.110473423,0.198069415,0.143853277,0.453790991
Gene.338,4,0.244758753,-0.025478083,0.588246235,-0.53163094
Gene.339,2,-0.355715918,0.790326852,0.049138096,-0.267429647
Gene.340,3,-0.520054469,0.214939549,0.312378181,-0.15500384
Gene.341,4,-0.177384083,0.195806569,0.91628315,-0.059492159
Gene.342,3,-0.23090357,0.287245446,0.034617645,-0.004388463
Gene.343,3,-0.385096393,0.422790483,0.243393032,0.607323094
Gene.344,3,0.039715522,0.332182041,-0.356696196,0.582509797
Gene.345,3,0.197956778,-0.406117589,-0.155698202,0.410910406
Gene.346,3,-0.491665892,0.04584817,0.245075023,-0.25543849
Gene.347,3,0.09811081,0.383802691,-0.043867773,0.731371431
Gene.348,4,-0.044256705,0.198054622,0.467962017,0.182584881
Gene.349,1,0.725406118,-0.240841461,-0.412653593,0.205277944
Gene.350,4,0.033464662,0.220004756,0.418447336,0.333017692
Gene.351,4,-0.03373442,0.244312542,0.487802101,-0.207351034
Gene.352,4,-0.303874429,0.090425239,0.794971394,0.332734366
Gene.353,4,-0.08462592,0.19859191,0.738093065,0.084554619
Gene.354,3,0.281817278,0.019391515,0.061926083,-0.440663991
Gene.355,4,-0.465460644,-0.171565673,0.806752146,0.004898459
Gene.356,4,-0.333765487,0.600842256,0.604685168,0.428296057
Gene.357,4,0.014413443,0.36315299,0.574706313,-0.29934045
Gene.358,4,-0.348828079,0.259141233,0.809084285,-0.400501347
Gene.359,3,0.267063528,0.311709188,-0.166589673,0.49581925
Gene.360,4,-0.093543885,-0.07240572,0.685380578,-0.501660106
Gene.361,4,-0.135445134,-0.016857137,0.549996077,0.161783376
Gene.362,3,0.030372122,0.530617043,-0.221549389,0.060370899
Gene.363,3,-0.136114394,0.335475951,0.241785243,-0.053962388
Gene.364,2,-0.559569824,0.563115969,0.198122796,-0.156871102
Gene.365,4,-0.039639421,0.193204002,0.506698655,-0.20315496
Gene.366,1,0.645927655,0.21343504,-0.358387887,0.421209326
Gene.367,4,0.035340812,-0.127778611,0.660708462,-0.296926901
Gene.368,4,-0.319379139,0.300206791,0.740620004,-0.019525107
Gene.369,4,-0.49434095,0.413430582,0.867906601,-0.157817368
Gene.370,3,0.266536607,-0.271927426,0.205927596,0.235556475
Gene.371,4,-0.385401306,0.403345824,0.873118806,-0.188839062
Gene.372,4,-0.135305156,-0.117261436,0.821276073,-0.037290681
Gene.373,3,0.261498074,-0.143835567,0.244227556,0.131445523
Gene.374,3,0.605567492,-0.416077814,0.13345126,0.032857773
Gene.375,1,0.576180155,0.085631805,-0.219896172,0.091280088
Gene.376,4,-0.531432163,0.384629161,0.83035553,-0.052696197
Gene.377,3,-0.311206342,-0.094829599,0.017022209,0.615213599
Gene.378,3,0.127638339,-0.098175377,0.248287402,-0.110134288
Gene.379,4,-0.297276365,0.007666426,0.922009591,-0.188758938
Gene.380,4,-0.195294096,-0.224717331,0.8526496,-0.28625312
Gene.381,4,-0.297279608,0.09265121,0.809957081,0.157697228
Gene.382,4,0.451190399,-0.321135885,0.489275312,-0.306539856
Gene.383,4,-0.295448679,0.019029782,0.842178883,0.173834992
Gene.384,3,0.05690206,-0.34939756,0.092671606,0.038975261
Gene.385,4,0.438698458,-0.159061669,0.464228924,0.208182198
Gene.386,4,-0.102589364,0.28381993,0.639633313,-0.147579867
Gene.387,4,0.441315645,-0.114535551,0.346146228,-0.435251857
Gene.388,4,0.106965657,-0.16617947,0.630084202,-0.069050837
Gene.389,4,-0.30464123,0.123802631,0.961336302,-0.113945138
Gene.390,1,0.729653203,-0.416793391,-0.294947758,-0.389126491
Gene.391,4,-0.276930355,0.275263751,0.354579069,-0.425682454
Gene.392,4,-0.278567072,-0.005646983,0.915039741,0.044674786
Gene.393,4,0.111251,0.35371427,0.696999253,0.096978103
Gene.394,4,-0.04498714,-0.115751636,0.380905638,0.027633881
Gene.395,4,-0.146205587,0.030064541,0.898051697,-0.176530516
Gene.396,4,0.020342919,0.381485307,-0.346467193,0.303350595
Gene.397,4,-0.148190213,-0.142388535,0.880620241,0.090456413
Gene.398,4,0.052919636,-0.022687985,0.637903039,-0.356100539
Gene.399,4,-0.299824436,0.28226785,0.880681553,0.049847311
Gene.400,3,-0.177024938,0.290687595,0.251616818,0.610309881
Gene.401,4,-0.234639598,0.089652279,0.873967814,-0.16805604
Gene.402,4,-0.270800577,0.190283562,0.565060741,-0.152280649
Gene.403,4,-0.130060103,-0.467557173,0.479727994,-0.17404861
Gene.404,3,0.029983028,0.195737488,0.282269239,-0.45496432
Gene.405,3,0.015281988,0.445567455,0.34613815,0.517600583
Gene.406,4,-0.449618449,-0.192117841,0.405305904,-0.469891548
Gene.407,3,0.022850383,0.41679136,-0.097288038,0.57495531
Gene.408,4,-0.348083609,0.160225911,0.58789623,0.485290453
Gene.409,4,-0.104854537,0.044665403,0.61685589,-0.046425685
Gene.410,4,-0.330058578,0.086639654,0.956873097,0.054745628
Gene.411,4,-0.305988093,0.081994707,0.971649326,0.036375573
Gene.412,1,-0.52359266,-0.21976866,0.397154677,-0.024836277
Gene.413,3,-0.163698707,0.582065837,0.070067832,0.242814578
Gene.414,4,-0.097445357,0.212097968,0.894532428,-0.145050257
Gene.415,3,-0.214090864,-0.007935459,0.240461302,-0.283203951
Gene.416,3,-0.346435491,0.463346112,0.294708129,0.002509964
Gene.417,4,0.073445451,0.405941822,0.492589861,0.158494604
Gene.418,4,0.064977897,-0.316709442,0.359018625,-0.176099286
Gene.419,4,-0.263084633,0.105219223,0.830088927,-0.084904688
Gene.420,3,-0.302074893,0.059348549,0.264919473,-0.116845163
Gene.421,3,0.014121207,0.085218589,-0.088730152,-0.145602137
Gene.422,4,-0.241220981,-0.149055204,0.528198445,0.087040816
Gene.423,4,0.195468581,-0.462027916,0.312372548,-0.192378004
Gene.424,4,-0.335164237,0.042824874,0.665840456,0.318345284
Gene.425,4,-0.259729342,0.365622487,0.491216502,-0.035540197
Gene.426,4,-0.554377888,0.445004913,0.551785147,0.236241112
Gene.427,4,-0.03535979,0.013946492,0.360307925,-0.575853364
Gene.428,3,0.201105777,0.086450779,0.221014015,-0.508487157
Gene.429,4,-0.442863236,0.276720076,0.798061418,-0.027887639
Gene.430,1,0.768063693,-0.47200825,-0.212986636,-0.13838466
Gene.431,1,0.625440477,-0.000860918,-0.419314579,0.113471521
Gene.432,4,-0.346318589,0.036607764,0.871388711,-0.263661436
Gene.433,4,-0.158622909,-0.103183354,0.398579429,0.029535019
Gene.434,4,-0.301647072,-0.214855255,0.451510841,-0.204442469
Gene.435,4,-0.291111574,0.165405856,0.921175709,0.032939986
Gene.436,4,-0.363303635,0.213712346,0.65996674,0.189449967
Gene.437,4,-0.206783046,0.203112628,0.725337159,0.4402727
Gene.438,3,0.279674941,-0.299894119,-0.168770544,-0.40226048
Gene.439,4,-0.163328745,-0.032795508,0.637448073,-0.144588117
Gene.440,4,0.104909912,-0.256141474,0.671335801,-0.356406637
Gene.441,3,0.466661527,-0.35386056,-0.146948983,0.278540476
Gene.442,4,-0.473240941,-0.253651325,0.484842366,0.069776295
Gene.443,4,-0.421553826,0.156981782,0.880892844,0.047481067
Gene.444,4,-0.343004479,-0.054039122,0.7978572,0.210650918
Gene.445,4,-0.079492662,0.059456853,0.797993427,-0.223722943
Gene.446,3,0.497238902,-0.533524399,0.047018004,-0.182209533
Gene.447,4,-0.339484416,0.037155833,0.961967323,0.046820996
Gene.448,4,-0.145870168,0.018447721,0.763659707,-0.150005923
Gene.449,4,-0.302707065,-0.130816089,0.823951858,0.050263639
Gene.450,4,-0.182742119,-0.094712297,0.683324898,-0.120784811
Gene.451,4,-0.318426456,0.173749193,0.802356148,-0.069444031
Gene.452,4,-0.340501817,-0.254119325,0.70372049,-0.095264228
Gene.453,3,0.411879256,0.03592546,0.025186007,-0.129370327
Gene.454,4,-0.379857109,0.208185652,0.925421088,0.142155234
Gene.455,4,-0.470768755,0.122361094,0.796304518,-0.133105158
Gene.456,4,-0.095120986,0.128397564,0.39078393,-0.189384002
Gene.457,3,0.441207076,0.031339736,-0.328844065,0.546267861
Gene.458,4,-0.250370478,0.065504008,0.616176273,0.33215535
Gene.459,4,-0.281959693,0.297734576,0.831195697,-0.029925825
Gene.460,4,-0.176411717,0.362609621,0.355426965,-0.008663108
Gene.461,4,-0.124288337,-0.055896816,0.800935874,0.274331896
Gene.462,4,-0.542340997,0.147048733,0.871872487,-0.08475388
Gene.463,4,-0.195503173,-0.008557436,0.87804861,-0.061926013
Gene.464,4,-0.577339948,0.198357054,0.565863167,0.12871698
Gene.465,4,-0.35830775,0.003226291,0.95483208,-0.023621131
Gene.466,4,0.323618731,0.4033866,-0.366901337,-0.11206568
Gene.467,2,-0.500663002,0.534776633,0.164475792,-0.35114966
Gene.468,4,-0.404462798,0.037235575,0.810024247,0.038980334
Gene.469,4,-0.312438417,0.046209773,0.877099133,-0.012067528
Gene.470,4,-0.054813257,-0.002633349,0.720176526,0.244481111
Gene.471,4,-0.272661491,0.137951646,0.743949297,-0.364412992
Gene.472,4,-0.462202552,0.194355557,0.958110244,0.004777149
Gene.473,2,-0.166085993,0.667464564,0.077966814,-0.130695566
Gene.474,4,0.326956976,-0.247246686,0.524403137,0.222772257
Gene.475,4,-0.468987585,0.503243101,0.639239028,0.097982141
Gene.476,4,0.486659659,-0.086430467,-0.353092095,-0.197891033
Gene.477,4,-0.346649094,0.23462502,0.948412684,0.020209411
Gene.478,1,-0.668520542,0.178859031,0.588909908,-0.220425978
Gene.479,4,0.000450259,-0.168401427,0.729695434,-0.116071884
Gene.480,4,-0.116239012,0.367933145,0.470345671,0.19919764
Gene.481,4,0.008658047,-0.194359428,0.727955752,-0.011177885
Gene.482,4,-0.33670179,0.31600368,0.901446684,0.028607596
Gene.483,4,-0.324458614,0.240018629,0.899880398,-0.197231399
Gene.484,4,-0.361122797,0.393323321,0.674107445,-0.261644152
Gene.485,3,0.252038379,0.086381694,-0.088135813,-0.31327034
Gene.486,4,-0.438306302,0.069998115,0.825762697,-0.07716275
Gene.487,3,0.254764593,-0.081008688,-0.223680096,-0.068191351
Gene.488,4,-0.348465032,0.364201548,0.371027697,0.119122172
Gene.489,1,0.925090916,-0.159036854,-0.411903805,-0.088821515
Gene.490,4,-0.180541452,0.085839547,0.826729821,-0.293803299
Gene.491,4,-0.270806052,0.084223256,0.926077955,-0.218518714
Gene.492,2,-0.439600777,0.545124703,0.38236788,-0.090387731
Gene.493,4,-0.400683064,0.123092943,0.803875735,-0.197511905
Gene.494,3,-0.028040212,0.203907001,0.127825465,-0.161192872
Gene.495,4,-0.431615516,0.152436539,0.824894128,0.225567636
Gene.496,4,-0.229152846,0.375759104,0.337379274,-0.181293179
Gene.497,2,-0.128477054,0.935231043,-0.054679505,0.044322869
Gene.498,4,0.133868788,-0.130343003,0.703433031,-0.286950726
Gene.499,3,-0.559129466,0.388179309,0.15078533,0.413236981
Gene.500,4,-0.19296098,0.15495804,0.868735132,0.032080179
Gene.501,4,-0.427634759,-0.042656784,0.932528326,0.124810974
Gene.502,4,-0.167038667,0.078493853,0.805063364,0.305828434
Gene.503,4,-0.525963157,0.227997193,0.823215662,0.094433123
Gene.504,4,-0.41637758,0.275174582,0.931808156,0.071041843
Gene.505,3,0.390958975,-0.265175152,-0.119795767,0.46464892
Gene.506,4,-0.290717846,0.033047919,0.894462933,-0.029110514
Gene.507,4,-0.324180145,0.496706051,0.816042408,0.175625276
Gene.508,4,-0.055662661,0.001610589,0.709475646,-0.366910541
Gene.509,4,-0.021052552,0.034059253,0.685790374,-0.088566446
Gene.510,3,-0.182104436,0.088193962,-0.003054511,-0.540736346
Gene.511,4,-0.25403522,0.075295933,0.936590841,-0.073043682
Gene.512,4,-0.390436374,0.14448874,0.788399969,0.143814796
Gene.513,3,0.486521935,0.361679999,-0.350995996,0.622529918
Gene.514,4,-0.307181204,-0.023161873,0.948596067,-0.007103467
Gene.515,4,0.036099428,-0.193195541,0.723825327,0.05164856
Gene.516,3,-0.152631994,-0.32265387,0.249018751,0.298056934
Gene.517,4,-0.167990797,0.067235161,0.691475369,-0.096942574
Gene.518,4,-0.390507783,0.228599754,0.766388461,0.030666314
Gene.519,3,-0.08695668,0.038387783,0.263765095,-0.188982332
Gene.520,2,-0.276807674,0.860560548,0.18679501,0.339904481
Gene.521,4,0.231068483,-0.073489351,-0.500125472,-0.332867843
Gene.522,3,0.041372844,-0.21013512,-0.013643167,0.017968001
Gene.523,4,0.150305875,-0.328747322,0.595474579,-0.400614752
Gene.524,3,0.397941565,0.315221342,-0.11230053,0.441768441
Gene.525,1,0.856926564,-0.358823715,-0.363430298,0.170223967
Gene.526,3,0.451201628,-0.103341512,0.043366417,-0.407630989
Gene.527,4,-0.205149249,-0.157296446,0.938897551,-0.110848459
Gene.528,4,-0.318113015,0.158494897,0.884222924,-0.140659064
Gene.529,4,-0.221853429,-0.009779675,0.953933464,-0.067273237
Gene.530,4,-0.164158767,0.007176965,0.930224623,-0.121893009
Gene.531,4,-0.192332778,-0.219441473,0.602838079,-0.305691259
Gene.532,4,-0.276346879,-0.07540228,0.892601677,-0.071272425
Gene.533,4,-0.397372961,0.351228022,0.817581871,-0.267036475
Gene.534,4,-0.357563921,-0.064415182,0.820498366,-0.04327546
Gene.535,4,0.12537498,0.028086287,0.745026062,-0.226284373
Gene.536,4,-0.353164923,-0.334092921,0.38027054,0.205518895
Gene.537,4,-0.068102834,-0.052757283,0.542837427,-0.367232071
Gene.538,1,0.537297934,-0.285581551,-0.170771128,-0.296469382
Gene.539,4,-0.346180962,0.151527652,0.943177952,0.035265324
Gene.540,4,-0.079521624,0.017900369,0.546651315,0.258161378
Gene.541,3,-0.418784183,0.487431822,0.035836776,0.176568295
Gene.542,4,-0.337230373,0.079204023,0.919248892,-0.114205165
Gene.543,4,-0.136934607,0.733450507,0.494011918,-0.153247442
Gene.544,4,-0.438984995,0.157428901,0.876806057,-0.022773821
Gene.545,4,-0.324724079,-0.018483856,0.960685374,-0.128694507
Gene.546,4,0.40922443,-0.183097729,0.560852193,0.17867421
Gene.547,4,-0.304955259,-0.210486139,0.388061644,-0.475143136
Gene.548,4,-0.234522932,0.134897643,0.58354014,-0.085152073
Gene.549,4,-0.449354898,0.140863741,0.861222125,0.139804142
Gene.550,4,-0.397600556,0.102529965,0.918470557,0.151798445
Gene.551,4,-0.319599772,0.594861906,0.398163469,-0.007640872
Gene.552,4,-0.26719489,0.120046106,0.929330056,-0.034211398
Gene.553,1,0.932050983,-0.151131593,-0.373013362,-0.136542821
Gene.554,4,-0.08185925,0.086408298,0.818528161,-0.217624635
Gene.555,4,-0.251777034,0.194099881,0.905031707,-0.248031221
Gene.556,3,0.081278747,-0.178596571,0.240163697,0.028770732
Gene.557,4,-0.321361183,-0.024996302,0.752656801,-0.191123486
Gene.558,1,0.721108254,-0.262525809,-0.242111672,0.434823549
Gene.559,3,-0.034854412,-0.164242867,0.16442733,-0.014080283
Gene.560,3,-0.113917035,-0.343450353,0.233251599,0.275024809
Gene.561,4,-0.255009512,-0.039717072,0.906727848,-0.112441529
Gene.562,4,-0.528741174,0.16079083,0.720689116,-0.045300844
Gene.563,3,0.409157277,-0.073378702,0.267104081,-0.270223598
Gene.564,3,0.107897822,0.442927822,0.247334647,-0.559030601
Gene.565,4,-0.385939258,0.286366354,0.790867175,-0.234535254
Gene.566,4,-0.142610806,-0.153203913,0.831669428,-0.180940404
Gene.567,4,-0.402285408,0.235488756,0.793318505,0.25028292
Gene.568,4,-0.378374636,0.048940324,0.923963261,0.081488279
Gene.569,4,-0.644781168,0.642635578,0.661787831,0.052094555
Gene.570,4,0.105524502,-0.117020722,0.518204964,-0.175862368
Gene.571,4,0.173713764,-0.254278858,0.743200728,-0.024871565
Gene.572,4,-0.258942876,0.234831684,0.921356026,0.026876166
Gene.573,4,-0.268979176,0.534769918,0.769304527,-0.101582213
Gene.574,1,0.634857058,-0.280158734,0.161753426,-0.412153658
Gene.575,4,-0.299590186,0.087687063,0.843356181,0.161851857
Gene.576,4,-0.209583646,-0.078378109,0.635314707,-0.373670193
Gene.577,4,-0.166859625,0.396508373,0.58374872,-0.272616416
Gene.578,4,-0.261252712,0.001813352,0.937261764,-0.245112136
Gene.579,4,0.114002109,0.234088659,0.542684845,0.555816845
Gene.580,4,0.000948886,-0.112925487,0.740589324,-0.390593736
Gene.581,4,-0.037280907,-0.102174611,0.727106919,-0.225939271
Gene.582,4,-0.405959776,-0.063619927,0.36984539,-0.273737409
Gene.583,4,-0.592148142,0.106161628,0.77975108,-0.08451905
Gene.584,4,-0.274623608,-0.075047983,0.904137495,-0.081356397
Gene.585,4,-0.277157062,-0.00959928,0.869212578,-0.071933026
Gene.586,4,-0.333527874,0.119881648,0.964026676,-0.031689605
Gene.587,4,-0.316543407,0.08559011,0.959960949,0.018620137
Gene.588,3,-0.070378792,0.077721894,0.073175227,-0.443252608
Gene.589,4,0.415142157,-0.327476314,0.599095666,-0.162570754
Gene.590,4,-0.207681382,0.221892714,0.91184999,-0.121917446
Gene.591,4,-0.108885915,0.237190824,0.337229993,-0.043085472
Gene.592,4,-0.347059044,0.025504959,0.788050986,-0.011541684
Gene.593,4,-0.133344983,0.151507525,0.604980365,-0.176516498
Gene.594,4,-0.099524983,-0.137738166,0.803085315,-0.205813348
Gene.595,3,0.125385463,0.064030075,0.191396261,-0.619981077
Gene.596,4,-0.295285334,-0.076348004,0.916917547,-0.130771743
Gene.597,4,-0.241394145,0.037428789,0.893406765,-0.075637814
Gene.598,3,0.224298963,0.177957888,-0.171814265,0.784554489
Gene.599,4,-0.290181225,-0.083502062,0.646651383,-0.086399598
Gene.600,4,-0.25358794,0.230300488,0.813289391,0.016300249
Gene.601,4,-0.427684856,0.237438728,0.897506717,0.085851242
Gene.602,4,0.041018629,-0.221046243,0.648451826,-0.157976579
Gene.603,3,0.411402271,0.325300987,0.230129406,0.261704441
Gene.604,4,0.418139829,-0.252027796,0.442937401,-0.275705302
Gene.605,3,-0.242597481,0.132595238,0.084922643,0.240752338
Gene.606,4,-0.225199573,0.156097239,0.867837932,0.217418677
Gene.607,3,0.085128413,0.096171847,-0.159584459,-0.520425171
Gene.608,4,-0.32932517,0.134948746,0.826321775,-0.24838897
Gene.609,4,-0.266824903,0.014525849,0.807380759,-0.369890192
Gene.610,4,-0.118895655,-0.147140607,0.679837318,0.03654799
Gene.611,4,-0.325104836,0.076221176,0.829536342,-0.079055366
Gene.612,4,-0.309536442,0.04089527,0.919710335,-0.029926795
Gene.613,4,-0.131207719,-0.052227487,0.827217388,0.331381922
Gene.614,4,-0.262182655,0.006510901,0.871319044,0.090936466
Gene.615,4,-0.017743432,-0.027783441,0.402090208,-0.234692621
Gene.616,4,-0.282554775,0.404905072,0.673794487,0.027813663
Gene.617,4,-0.087591409,0.121354492,0.7586778,-0.121406004
Gene.618,3,-0.1645053,0.018547794,0.287847922,-0.345623315
Gene.619,3,0.076111446,0.105594465,0.053278586,0.166996847
Gene.620,4,-0.359723244,-0.184708893,0.544583458,0.17240517
Gene.621,4,-0.226261318,0.042141194,0.796389611,0.061713333
Gene.622,4,-0.224187948,0.333759636,0.640128616,-0.279829442
Gene.623,4,-0.35213076,0.122693484,0.954770703,0.019100009
Gene.624,4,0.078020603,-0.265131363,0.314617723,0.317734132
Gene.625,4,0.168965379,-0.107602977,0.536571351,-0.157196188
Gene.626,4,-0.399595616,0.293370335,0.769347033,-0.242654721
Gene.627,4,-0.180112227,0.177211486,0.930006171,-0.040584745
Gene.628,3,0.053708548,-0.047774401,0.22304592,0.464367663
Gene.629,4,-0.317995633,0.179438945,0.86726608,-0.170345761
Gene.630,4,-0.306254553,-0.265293067,0.595857621,0.259446195
Gene.631,4,-0.58666636,-0.001039535,0.500872993,-0.362833383
Gene.632,3,0.171808033,0.182628992,-0.108547078,0.599084872
Gene.633,4,-0.448731573,0.205620544,0.871505653,-0.130167462
Gene.634,4,-0.333043979,0.022500507,0.909490218,-0.066618489
Gene.635,3,-0.265156821,0.602252245,0.204796347,0.104889355
Gene.636,4,-0.272382683,0.305061199,0.887176639,-0.208695934
Gene.637,4,-0.315093423,0.347788705,0.32770392,0.198209857
Gene.638,4,-0.372157962,0.277777386,0.915101444,-0.097084641
Gene.639,4,-0.327503726,0.025481198,0.715033728,-0.250493768
Gene.640,4,-0.011358599,0.321646396,0.757679445,-0.176061828
Gene.641,4,0.221142792,-0.19141196,0.370634061,-0.441437897
Gene.642,4,-0.429723545,0.098098599,0.849410184,0.007840005
Gene.643,4,-0.368662288,0.14536797,0.921046461,-0.119838565
Gene.644,3,0.020054815,0.158917412,0.143202594,-0.427371008
Gene.645,4,-0.318885685,-0.106386069,0.93469748,-0.194824306
Gene.646,4,-0.133418858,0.166185414,0.80475741,-0.10301923
Gene.647,4,-0.256434451,0.154844262,0.700127868,0.248996921
Gene.648,4,-0.03932119,-0.349998015,0.450407526,0.17830797
Gene.649,4,-0.401767594,0.27495189,0.872499947,-0.113581361
Gene.650,4,-0.255204559,0.149630049,0.931165845,0.030411112
Gene.651,4,-0.519508111,0.233875584,0.562907941,-0.214249907
Gene.652,4,-0.278087776,-0.208643285,0.434535092,-0.172809338
Gene.653,4,-0.461456427,0.167692251,0.942485096,-0.019732205
Gene.654,4,-0.101522648,-0.089667305,0.682605207,-0.176339527
Gene.655,4,-0.198682982,0.34564793,0.659948052,0.556223655
Gene.656,3,-0.189989225,-0.063279781,-0.0301299,0.307396083
Gene.657,4,0.120216342,-0.084625078,0.431524803,0.328848698
Gene.658,3,0.062081562,0.13718745,-0.201033102,-0.494305075
Gene.659,4,-0.101618307,-0.16446844,0.754631584,0.162607873
Gene.660,4,-0.220580096,0.487463242,0.596515861,0.463019714
Gene.661,4,-0.403389435,-0.008558536,0.924843725,-0.130399064
Gene.662,4,0.016975126,0.272781694,0.53437457,0.167848839
Gene.663,3,-0.077223985,0.026828071,-0.007159101,0.661835146
Gene.664,4,0.007521386,-0.437553441,0.746512241,-0.215018063
Gene.665,1,0.495799271,-0.081944789,0.044936643,0.166175272
Gene.666,4,0.087457501,0.25522122,0.31665097,-0.140747781
Gene.667,4,-0.129882529,0.075775226,0.946003742,-0.021936217
Gene.668,3,-0.496861326,-0.117708624,0.236344918,0.119913086
Gene.669,4,-0.425274556,0.172923416,0.630101375,-0.201897663
Gene.670,4,-0.435363112,0.337801583,0.935471862,-0.155952634
Gene.671,4,-0.452705179,0.360707663,0.843237671,-0.170431082
Gene.672,4,-0.490377324,0.425174184,0.885395898,-0.014136949
Gene.673,4,-0.228863022,0.389562403,0.821245267,-0.13702999
Gene.674,4,0.269781019,0.116951012,0.536229817,-0.298597539
Gene.675,4,-0.359910575,0.073334348,0.92117359,-0.007089789
Gene.676,4,-0.291980088,-0.093057878,0.562438642,-0.057830902
Gene.677,3,0.218292054,-0.354230642,0.279641605,-0.156002798
Gene.678,4,0.061336628,-0.366017886,0.706610813,-0.207597668
Gene.679,3,-0.277863231,0.26773606,-0.031242698,0.462917128
Gene.680,4,-0.460328791,0.05579935,0.900062315,-0.050020907
Gene.681,3,0.082403688,0.072411617,0.072777526,-0.643547625
Gene.682,1,0.834233025,-0.272078374,-0.077780079,0.075613675
Gene.683,3,0.161154707,-0.294917233,0.10272114,0.211665582
Gene.684,4,-0.372841804,0.208341325,0.818701209,-0.168782579
Gene.685,4,0.310843294,-0.053676029,-0.36780663,-0.030224275
Gene.686,4,0.010230813,-0.248399107,0.757222968,-0.05421464
Gene.687,4,-0.276038412,0.042715429,0.889259335,-0.134598566
Gene.688,4,0.079621415,0.266419169,0.500492401,-0.106660463
Gene.689,4,-0.300296407,-0.024042827,0.922117306,-0.022979908
Gene.690,4,-0.410663529,-0.08160867,0.530454264,-0.102250172
Gene.691,3,0.125829014,0.412579626,-0.028345841,0.680883257
Gene.692,4,-0.175163263,0.226754398,0.5573826,0.491502107
Gene.693,4,-0.187569274,-0.34676204,0.809691696,-0.204503513
Gene.694,4,-0.279886103,-0.134517878,0.894129227,-0.051817531
Gene.695,4,-0.272274377,0.023080587,0.788042777,-0.048772676
Gene.696,3,0.073433903,0.390859763,0.292370577,-0.331635869
Gene.697,4,-0.397704911,0.298357073,0.779090056,-0.15932338
Gene.698,4,-0.321218598,0.153065808,0.546554046,-0.451502064
Gene.699,4,0.107056293,-0.194546853,0.485871939,-0.616938197
Gene.700,4,-0.321529629,0.287614108,0.715586059,-0.243147169
Gene.701,4,-0.076863877,0.019960246,0.750536044,0.20364375
Gene.702,4,0.253750539,-0.052884847,0.630382866,0.061928832
Gene.703,4,-0.188077129,0.19951394,0.861131569,-0.047058356
Gene.704,2,-0.280589447,0.889306287,-0.011802651,-0.056988195
Gene.705,4,-0.17166901,0.015259135,0.830106304,-0.282597366
Gene.706,4,-0.281421917,0.073011742,0.948790151,-0.135945399
Gene.707,4,-0.361070636,-0.236706877,0.742178297,0.166115374
Gene.708,4,-0.064056542,0.180072061,0.491553179,-0.338322201
Gene.709,4,-0.051784874,-0.139870131,0.69183986,-0.13940021
Gene.710,4,-0.382844769,0.051208282,0.952496722,0.088024645
Gene.711,4,-0.427532974,-0.057036779,0.862830609,0.100364061
Gene.712,4,-0.45154043,0.233063788,0.783658242,0.075231032
Gene.713,4,-0.385143865,-0.061774132,0.324015401,0.243355914
Gene.714,1,0.94446166,-0.126924173,-0.405696302,-0.091665325
Gene.715,4,0.166057177,0.003091364,0.667006023,0.221070574
Gene.716,4,-0.184925821,0.246122415,0.659141247,-0.376798114
Gene.717,4,-0.160822764,0.086167164,0.881150344,0.076023653
Gene.718,2,-0.45473267,0.709706072,-0.051150636,0.043184231
Gene.719,4,-0.394879903,0.003371769,0.957696602,0.087586138
Gene.720,3,0.463817617,-0.454575209,-0.154727862,-0.205398525
Gene.721,4,-0.110058199,0.16642623,0.375961093,-0.415519757
Gene.722,3,0.313848181,-0.19120988,0.01210605,-0.352839134
Gene.723,1,0.765955184,-0.432313109,-0.118036008,0.180261285
Gene.724,4,-0.244230284,0.145524029,0.629270449,0.201115811
Gene.725,4,-0.275509866,0.043055698,0.973342508,-0.066637199
Gene.726,4,-0.328296415,0.201715518,0.45675591,0.111415566
Gene.727,1,0.609109224,-0.064222026,-0.208734827,-0.009584024
Gene.728,4,-0.559044061,-0.008909721,0.843936797,-0.053512043
Gene.729,4,-0.442875013,0.029983474,0.748874549,0.201039848
Gene.730,4,-0.36423411,0.094829877,0.861596869,-0.037829191
Gene.731,4,-0.267086082,-0.075132248,0.920744698,-0.070543297
Gene.732,4,-0.362192335,-0.071699503,0.861642693,-0.019913655
Gene.733,3,-0.185486787,0.401524623,0.253741867,0.194054936
Gene.734,4,-0.138323,-0.023868804,0.823120699,-0.182568198
Gene.735,3,0.587228172,-0.506621083,-0.097407206,-0.350909684
Gene.736,4,-0.444616711,0.091822824,0.876887419,-0.149395415
Gene.737,4,-0.114892723,-0.233915653,0.630225872,0.359627062
Gene.738,4,-0.309695645,0.579484691,0.726574395,0.31073646
Gene.739,4,-0.361296563,0.277382102,0.748939411,0.027408026
Gene.740,4,-0.147673217,-0.030844525,0.835979461,-0.256901234
Gene.741,4,-0.093660561,0.269041857,0.49994356,-0.402015196
Gene.742,4,-0.341872505,0.512150446,0.799441648,-0.153508042
Gene.743,4,-0.358838349,0.058632347,0.728436358,-0.131545559
Gene.744,4,-0.581613457,0.282437781,0.781473008,-0.000466073
Gene.745,4,0.149367001,-0.032039936,0.862500999,-0.145371509
Gene.746,4,-0.470127338,0.168096156,0.820232785,-0.258669528
Gene.747,4,-0.355180934,0.064996822,0.964022482,0.055771808
Gene.748,1,0.642948382,-0.26664289,0.013101717,-0.323043113
Gene.749,4,-0.204871071,0.237516111,0.349223275,0.072525893
Gene.750,4,-0.361927654,0.247193744,0.914667983,0.024110084
Gene.751,3,-0.19020351,0.257294881,-0.013942901,-0.289662934
Gene.752,4,0.358365285,-0.171178549,-0.326699193,0.004383149
Gene.753,3,-0.172099126,-0.245156814,0.03360487,0.02600455
Gene.754,4,-0.503003747,0.207026712,0.833048948,-0.040025251
Gene.755,1,0.797858016,-0.263186941,-0.197934721,-0.314221747
Gene.756,4,-0.03763013,0.01380447,0.702102972,-0.351160365
Gene.757,4,-0.507665927,0.133595105,0.56938145,0.336631527
Gene.758,4,-0.314885562,0.297782941,0.887293559,0.062817489
Gene.759,4,0.471479229,-0.09711465,0.33593399,-0.133452609
Gene.760,3,0.104425212,0.457965784,-0.090667427,0.225255095
Gene.761,4,-0.197182618,-0.106157356,0.811211449,0.16557519
Gene.762,4,-0.188593637,-0.118227374,0.558817757,-0.066572132
Gene.763,3,-0.255918181,0.112353947,-0.143542294,0.111470508
Gene.764,4,-0.352159839,0.176588057,0.961433173,0.089497157
Gene.765,4,-0.299314641,0.194794739,0.541705355,-0.322589259
Gene.766,4,-0.201818086,0.287753027,0.642223932,-0.015134655
Gene.767,3,0.281304669,-0.000786632,-0.197430474,0.015721413
Gene.768,3,0.40825456,-0.032227219,-0.384584337,0.276586639
Gene.769,4,-0.328814015,-0.017723277,0.925303304,-0.000318588
Gene.770,4,-0.266117516,0.277585976,0.781227138,-0.196879002
Gene.771,4,-0.099887418,0.086545574,0.658662051,-0.232617922
Gene.772,4,-0.268199525,-0.125195714,0.907293563,-0.002175482
Gene.773,3,0.451706298,-0.47592077,0.270800699,0.119184036
Gene.774,4,0.120271548,0.118299282,0.619650613,-0.245018646
Gene.775,4,-0.329381206,0.131437587,0.49698831,-0.455246461
Gene.776,4,-0.286333862,-0.070206877,0.814553314,0.148006982
Gene.777,4,-0.186311317,-0.271547379,0.883049776,0.024026876
Gene.778,3,-0.147280103,-0.374462638,0.062357846,0.263768242
Gene.779,4,-0.006231478,-0.044272719,-0.370648137,0.292153275
Gene.780,4,-0.659805983,0.393683628,0.662551709,0.019770162
Gene.781,4,-0.233073528,-0.070874086,0.42398151,0.125022252
Gene.782,3,-0.456412253,0.119674044,-0.084693933,0.168422723
Gene.783,4,-0.35526372,0.329200862,0.907626918,-0.098681337
Gene.784,4,-0.186358879,0.03382078,0.39550676,-0.036238202
Gene.785,4,-0.318582579,-0.058321761,0.785374166,0.10558098
Gene.786,4,0.264901898,-0.086052259,0.419505388,-0.093173071
Gene.787,4,-0.467599054,0.578416559,0.503707164,0.444033452
Gene.788,4,-0.353013197,0.130837027,0.966966193,-0.004499706
Gene.789,4,-0.134872247,-0.122217105,0.643129142,0.23735475
Gene.790,4,-0.222581106,-0.209518352,0.836953546,0.088052543
Gene.791,4,-0.043424692,-0.297969481,0.810475492,0.036166939
Gene.792,4,-0.318574668,0.007267378,0.921385038,-0.028941761
Gene.793,4,-0.141284276,-0.1286422,0.916066057,-0.025596242
Gene.794,4,-0.465480399,0.158118036,0.910534812,-0.191275393
Gene.795,4,-0.370746712,0.181842018,0.945227901,0.108501017
Gene.796,4,-0.169096414,0.103610223,0.830226995,0.112207034
Gene.797,4,-0.160585749,-0.033431501,0.849971712,0.046752923
Gene.798,3,-0.281179071,0.099107403,0.048835017,0.089907705
Gene.799,4,-0.440402087,0.12924976,0.958406748,0.119136184
Gene.800,4,-0.361623385,0.172432639,0.951400205,-0.062098124
Gene.801,2,-0.091915409,-0.64235361,0.145834405,-0.123815192
Gene.802,3,-0.0503056,0.057542284,0.206773319,-0.513078439
Gene.803,4,-0.211329438,0.278604853,0.743200298,0.149387109
Gene.804,4,-0.372643403,0.145061311,0.700388914,0.138724828
Gene.805,4,-0.322616147,-0.017611077,0.950072524,0.114200452
Gene.806,3,0.422379168,0.16115069,0.197818782,-0.502853505
Gene.807,4,-0.343375133,0.127124379,0.962751571,-0.040731653
Gene.808,4,-0.267965852,-0.065440115,0.926979829,0.111746114
Gene.809,4,-0.335169639,0.755093705,0.62817345,0.228244639
Gene.810,4,-0.182971206,0.003966173,0.336834159,0.419349279
Gene.811,4,0.006399645,-0.087942884,0.672082452,0.168061465
Gene.812,2,-0.170071868,0.933592413,0.150516695,0.291355127
Gene.813,4,-0.17876286,0.19102552,0.703587834,-0.272913078
Gene.814,3,0.151124019,0.156011394,-0.059460831,-0.372360253
Gene.815,4,-0.17534247,0.001371627,0.844339261,-0.223238116
Gene.816,3,0.263747257,0.460158694,-0.17842218,-0.318727351
Gene.817,4,-0.575395783,0.089786819,0.705824125,0.138111776
Gene.818,4,-0.41403532,-0.2285639,0.56475712,0.049909416
Gene.819,3,-0.357317636,0.338525961,0.096560328,0.284189888
Gene.820,4,-0.219026531,0.141246573,0.841332663,0.054831838
Gene.821,3,0.138485424,-0.41842976,0.158785187,-0.188704672
Gene.822,4,-0.395152047,0.332339573,0.820372836,0.116911484
Gene.823,4,-0.262882749,-0.013172595,0.806968469,0.186704003
Gene.824,4,-0.314336296,0.062061113,0.794479086,0.000553772
Gene.825,4,-0.177312474,0.108857208,0.852417105,-0.064092888
Gene.826,4,-0.467818888,0.11696966,0.845111036,0.254000203
Gene.827,4,0.159618143,0.033881152,0.509943926,-0.323594987
Gene.828,4,-0.490782863,0.131665923,0.93263959,-0.104269947
Gene.829,4,-0.214635795,-0.244439462,0.392374559,0.144489835
Gene.830,4,-0.11683602,0.52991317,0.735114448,0.117378665
Gene.831,3,-0.290246915,-0.025961735,0.140834021,-0.012615032
Gene.832,4,-0.005071089,-0.240971576,0.824616621,-0.302489527
Gene.833,4,-0.412634445,0.063138139,0.939105195,-0.170415757
Gene.834,4,-0.236156205,0.090566081,0.894095831,-0.057021528
Gene.835,3,0.395281252,0.202892449,-0.232764879,-0.31393642
Gene.836,4,0.005819968,-0.237055907,0.720574116,-0.027982193
Gene.837,4,-0.382491813,0.007083251,0.93696788,-0.034563723
Gene.838,4,-0.621225083,-0.059927067,0.454494163,0.246069695
Gene.839,4,-0.2810507,0.056730232,0.961606209,-0.167809478
Gene.840,4,-0.013461151,-0.048539353,0.796151358,-0.180126899
Gene.841,4,0.020250535,-0.075485409,0.725117569,-0.315339743
Gene.842,2,-0.14867624,0.870582044,-0.134828428,0.022743732
Gene.843,4,-0.336340039,0.053199952,0.97526684,0.053919249
Gene.844,4,0.015155346,-0.107742225,0.862978939,-0.138365912
Gene.845,4,0.198011589,0.429358335,0.632950223,-0.107477912
Gene.846,4,-0.178138549,0.061490782,0.960480587,-0.014815473
Gene.847,4,-0.211790874,0.053547648,0.811633802,-0.265741291
Gene.848,4,-0.347770718,-0.032801625,0.831949453,0.11684501
Gene.849,4,-0.174148412,0.112438278,0.921597598,0.195525833
Gene.850,4,-0.162090325,0.046215284,0.946680113,-0.137767421
Gene.851,3,-0.069305963,-0.019919005,-0.06960597,0.339208378
Gene.852,4,-0.407978481,-0.020154547,0.878155114,-0.038742169
Gene.853,4,-0.392764442,0.313888212,0.914198885,-0.006111441
Gene.854,4,0.214039005,-0.232359631,0.570859121,0.085462766
Gene.855,1,0.397147791,-0.127854689,-0.224901685,-0.286712861
Gene.856,3,0.336674055,-0.000847279,0.268476421,0.06824978
Gene.857,4,-0.252014677,-0.169234702,0.886378774,-0.19206432
Gene.858,4,-0.205725275,0.222338499,0.933055582,-0.093024303
Gene.859,4,-0.288291504,-0.125382036,0.601951784,0.028096836
Gene.860,4,-0.287185223,0.096367124,0.929225279,0.03055861
Gene.861,1,0.622862903,-0.255511824,0.117043383,-0.269202943
Gene.862,4,-0.308297611,-0.087456532,0.623889771,-0.287434957
Gene.863,3,-0.205998374,0.322394041,0.083584214,-0.256548637
Gene.864,4,-0.515373206,0.015374947,0.795203672,-0.352802159
Gene.865,4,-0.384118819,0.410380898,0.849720354,-0.127350964
Gene.866,4,-0.306004018,0.379585819,0.6351764,0.383740989
Gene.867,4,-0.328339952,0.054581884,0.965478619,0.01315002
Gene.868,4,-0.338035695,-0.104994666,0.853123799,-0.036119675
Gene.869,3,0.055395989,0.026393035,0.298292207,-0.015571723
Gene.870,4,-0.338025284,0.331436147,0.453435561,-0.104464889
Gene.871,4,-0.070393711,0.569254448,0.483290489,0.11455601
Gene.872,4,-0.143595549,0.675592834,0.320349004,0.50792815
Gene.873,4,-0.171291247,-0.123282109,0.777838162,-0.070523617
Gene.874,4,-0.302200937,0.173523757,0.864635152,-0.074709139
Gene.875,4,-0.237277761,0.30627134,0.755880503,-0.354859096
Gene.876,4,-0.220102758,-0.102611311,0.904354982,-0.048213087
Gene.877,4,0.317998177,-0.157938361,0.300283345,-0.183628691
Gene.878,4,0.07454867,-0.033801468,0.570100501,-0.380182736
Gene.879,4,-0.472459254,0.033160411,0.886336005,0.121267375
Gene.880,3,0.019038155,0.016874534,0.227355134,-0.334353551
Gene.881,4,-0.25032837,0.039274571,0.54704142,0.121740211
Gene.882,4,-0.43620532,0.11328476,0.758187912,-0.243393002
Gene.883,4,-0.08935439,-0.058277553,0.867004474,-0.210090171
Gene.884,3,0.048656262,-0.106722931,0.133426415,-0.4314804
Gene.885,4,-0.171276302,0.052505781,0.782751054,-0.115660758
Gene.886,4,0.213699894,0.196147284,0.382319819,-0.230435031
Gene.887,4,-0.195229745,0.15149594,0.314039476,-0.44561631
Gene.888,4,-0.000511181,-0.132282501,0.544224784,0.086635059
Gene.889,4,0.494227252,-0.157854117,0.395134888,0.321396679
Gene.890,4,-0.186982852,0.677892606,0.424298547,0.413489605
Gene.891,4,-0.339580552,0.248941147,0.842038611,0.004926226
Gene.892,4,-0.18896566,-0.046949028,0.844482896,-0.065574335
Gene.893,4,-0.093382179,-0.085327191,0.87606696,-0.244555173
Gene.894,4,-0.131329377,-0.003085315,0.922583325,0.036588216
Gene.895,3,0.167682381,-0.045079449,0.110049673,-0.482091877
Gene.896,4,-0.572521464,0.283487321,0.807402688,0.169928215
Gene.897,4,-0.341895369,0.109981755,0.921404254,-0.040790293
Gene.898,3,0.064315945,-0.079685353,0.002653511,-0.241396428
Gene.899,4,-0.464052236,0.122774498,0.839785715,-0.072261725
Gene.900,4,-0.372409656,-0.060931907,0.446808662,-0.239233857
Gene.901,3,-0.029638668,-0.400346861,0.008241231,0.00257435
Gene.902,4,-0.375482396,-0.096578868,0.905860156,-0.060106431
Gene.903,4,-0.304264494,0.257137509,0.922427841,0.004371363
Gene.904,4,-0.326667951,0.08336817,0.964361972,-0.076980758
Gene.905,4,-0.017383812,0.010955406,0.801046019,-0.340325568
Gene.906,4,0.098412081,0.257451043,0.545307176,0.013975332
Gene.907,4,0.134614928,-0.127788859,0.699424584,-0.23343707
Gene.908,4,-0.344366145,0.051913239,0.932378534,0.096181093
Gene.909,4,0.246329743,0.035408786,-0.457697825,0.366329676
Gene.910,4,-0.329927847,0.172540094,0.925515487,-0.273030663
Gene.911,3,0.021673589,-0.370625047,0.146468952,0.23318844
Gene.912,4,-0.313404404,0.272101825,0.646581371,0.067640328
Gene.913,4,-0.364687214,0.103078296,0.910829328,0.02817463
Gene.914,4,-0.29279015,-0.053878578,0.743893511,-0.293350068
Gene.915,3,0.510071305,0.033494347,-0.149818486,-0.271344607
Gene.916,4,-0.331964954,0.116071052,0.969396819,0.076715146
Gene.917,4,-0.398728064,0.148374572,0.888888437,0.024485013
Gene.918,4,-0.278798292,-0.091427473,0.892422407,-0.056352213
Gene.919,4,-0.271001381,0.032067879,0.964505835,-0.041659968
Gene.920,4,-0.389880335,0.284006157,0.715042112,0.143208557
Gene.921,4,-0.26779085,-0.005354555,0.968532244,0.04328569
Gene.922,4,-0.357711653,0.128949363,0.906815201,0.054335003
Gene.923,4,-0.298745701,0.264540749,0.937322158,-0.105377944
Gene.924,4,-0.239275962,0.319637431,0.848685814,-0.052423827
Gene.925,4,0.094481473,-0.277502092,0.635349903,0.163441595
Gene.926,4,-0.142053025,0.316931963,0.675546437,0.19281359
Gene.927,3,0.444341431,0.05976582,0.137202894,-0.077730957
Gene.928,4,-0.003025792,-0.063952867,0.535581293,-0.522246354
Gene.929,1,0.767479868,-0.262282459,-0.439547034,-0.406949873
Gene.930,4,-0.268148481,-0.131081314,0.921728957,-0.03095007
Gene.931,4,-0.123352859,-0.282174729,0.629060873,-0.421244231
Gene.932,4,-0.1155227,-0.081507717,0.757512316,-0.368061249
Gene.933,4,-0.466140779,0.018649547,0.755589767,0.248348925
Gene.934,4,-0.432812253,0.280865776,0.951844745,-0.038353849
Gene.935,4,-0.381203419,-0.003523563,0.699534867,-0.264237737
Gene.936,3,-0.364046128,-0.113194177,0.191863395,0.39839456
Gene.937,1,0.822915209,-0.20918814,-0.343046194,-0.053847125
Gene.938,3,0.070906826,0.205072074,0.183435362,-0.212777634
Gene.939,4,-0.534150404,0.304682291,0.813894607,-0.0708345
Gene.940,3,0.185323481,-0.25180562,0.148064817,-0.412172128
Gene.941,4,-0.337706929,0.037275148,0.599233837,-0.224936128
Gene.942,4,-0.257562371,-0.136571391,0.515427171,0.031989354
Gene.943,4,-0.485593891,0.00336679,0.853074721,0.038581782
Gene.944,4,-0.024794742,0.00071342,0.815029649,0.027050859
Gene.945,3,0.071447104,0.056411772,0.270279865,0.541135914
Gene.946,4,-0.279386624,0.000362079,0.907163257,-0.086882676
Gene.947,3,0.123500569,-0.131066515,0.126788646,-0.589751981
Gene.948,4,-0.246159033,0.032651942,0.971910056,-0.071864061
Gene.949,3,-0.417368129,0.172539197,0.159147333,0.228233291
Gene.950,4,-0.245896454,0.020290059,0.786543514,-0.32392167
Gene.951,4,-0.233421238,-0.077409134,0.654709608,-0.124729623
Gene.952,4,-0.186871917,0.064490876,0.685721327,-0.342993214
Gene.953,4,-0.290759464,0.105928134,0.92110929,0.000623043
Gene.954,4,-0.132474126,-0.067248853,0.872291461,-0.096579742
Gene.955,4,-0.342642368,0.353045887,0.900008395,0.053720039
Gene.956,4,-0.507660039,0.07257694,0.803602731,-0.068086452
Gene.957,3,0.190584571,0.160158523,-0.03502824,-0.38455541
Gene.958,4,-0.227375062,0.120662478,0.890939461,-0.00451169
Gene.959,3,-0.155924538,-0.290616672,-0.049994365,0.319180911
Gene.960,4,-0.026697499,0.198909599,0.805751769,-0.048835843
Gene.961,4,0.140053824,-0.071950809,0.69279223,-0.287435483
Gene.962,4,0.324717586,-0.395551895,0.497559525,-0.156494522
Gene.963,4,-0.442648615,0.100192843,0.974566615,0.023906355
Gene.964,4,-0.173474954,-0.027509193,0.89696213,-0.249031154
Gene.965,4,-0.254834667,0.032877892,0.963512269,0.097127836
Gene.966,4,-0.29242785,-0.029298927,0.880659024,0.102394932
Gene.967,3,0.207544527,0.069110179,-0.021562452,-0.012771665
Gene.968,4,-0.257889313,0.168874435,0.917151743,0.079044901
Gene.969,4,-0.325972824,0.176827079,0.863625676,0.185078048
Gene.970,4,-0.379748858,0.106531443,0.973324928,-0.032792229
Gene.971,4,-0.182571867,0.078853822,0.959045096,-0.092255201
Gene.972,4,-0.153415542,-0.185861767,0.804694879,-0.049421518
Gene.973,3,0.53960335,-0.24675304,-0.139589938,-0.604202569
Gene.974,3,0.148435718,-0.043786673,-0.025751876,-0.407991583
Gene.975,4,-0.406093806,0.423643615,0.421126296,0.242969593
Gene.976,4,-0.296700255,0.113317657,0.916011009,0.027209055
Gene.977,4,0.463377354,-0.17783089,0.395393143,-0.02138632
Gene.978,4,-0.25546905,-0.159004269,0.886678901,-0.036652971
Gene.979,2,-0.45817499,0.570404389,0.476560939,-0.316476159
Gene.980,4,-0.441503327,0.152797938,0.842582851,-0.112815565
Gene.981,4,-0.384245095,0.419469191,0.526220595,-0.377007294
Gene.982,4,-0.344040407,-0.003772307,0.911329072,0.120670585
Gene.983,4,-0.432217872,-0.225971607,0.689598388,-0.147753733
Gene.984,3,0.207769233,-0.144436691,0.034641014,-0.597664806
Gene.985,4,-0.208884308,0.153846609,0.840105906,-0.176745175
Gene.986,4,-0.464332376,0.52653216,0.829583483,-0.098919841
Gene.987,4,0.198205597,-0.070263439,0.356757685,-0.29098886
Gene.988,4,-0.353861257,-0.008360032,0.707303338,-0.003866277
Gene.989,4,-0.430648665,0.045606299,0.910298465,-0.103248328
Gene.990,4,-0.437046128,0.238947039,0.930965313,0.044409043
Gene.991,3,0.153333936,-0.494500711,0.079577257,-0.22245579
Gene.992,4,-0.139234794,-0.102078365,0.644090593,0.188788939
Gene.993,3,-0.56656876,0.003374482,0.094799036,0.043453997
Gene.994,4,0.041634877,0.136439794,0.320913418,0.308852728
Gene.995,4,-0.289668621,-0.166225965,0.722097445,-0.05535752
Gene.996,4,-0.26720322,0.075052973,0.895725415,-0.055662186
Gene.997,4,-0.333983194,0.17966609,0.93818103,-0.017353344
Gene.998,4,-0.070617447,0.230259136,0.629496605,-0.301145563
Gene.999,4,0.009686549,0.142901739,0.687523337,0.045405778
Gene.1000,3,-0.019102916,0.314684831,0.122340922,-0.609161411
Gene.1001,4,-0.126314415,-0.094822351,0.879555176,0.051258366
Gene.1002,4,-0.335431343,-0.312910584,0.478442565,0.239187647
Gene.1003,4,-0.318093212,0.169471223,0.887579763,-0.147772648
Gene.1004,4,-0.269730981,0.21248459,0.383819585,-0.168812524
Gene.1005,4,-0.027189628,-0.260108117,0.37450298,0.324946624
Gene.1006,4,-0.133796004,0.016453716,0.912353002,-0.057932146
Gene.1007,4,-0.358885034,0.042078094,0.781645888,0.187708543
Gene.1008,4,-0.23195347,-0.037049767,0.862023585,0.059275622
Gene.1009,2,-0.078215452,0.564235187,0.445120228,-0.152862791
Gene.1010,4,-0.365165226,0.24674051,0.936749693,0.170380428
Gene.1011,4,-0.094246659,-0.075361895,0.828226338,-0.2666636
Gene.1012,4,0.048363137,-0.13337692,0.656494953,-0.360665658
Gene.1013,3,0.318560084,-0.016940997,0.178247043,-0.468629034
Gene.1014,4,0.511598882,0.047884298,-0.639839013,-0.190931779
Gene.1015,1,0.739452575,-0.321352174,-0.028241541,-0.230542147
Gene.1016,3,0.051309354,0.333161011,-0.054954796,-0.030140832
Gene.1017,4,-0.455047792,-0.014335278,0.692410604,-0.163347263
Gene.1018,4,-0.153969356,-0.160526166,0.4353491,-0.14868572
Gene.1019,4,-0.342991497,0.023026649,0.967869235,-0.010426755
Gene.1020,4,-0.284936808,0.074072946,0.95686011,-0.083457736
Gene.1021,4,0.555911564,-0.18389647,-0.499715404,-0.420107106
Gene.1022,4,-0.280996798,0.239378236,0.869996483,-0.108716989
Gene.1023,3,-0.349456885,0.287261733,0.305635116,0.347065758
Gene.1024,4,-0.312698159,0.3415555,0.836443129,0.21583872
Gene.1025,1,0.803474763,-0.334086231,-0.232137369,-0.210635917
Gene.1026,4,-0.226802739,0.221208058,0.904163141,-0.150473164
Gene.1027,4,-0.446953417,0.030263049,0.819679664,0.019101515
Gene.1028,4,-0.309518853,0.037234159,0.891161486,-0.054482729
Gene.1029,4,-0.265449437,-0.020086193,0.88325525,-0.040272448
Gene.1030,3,0.099493287,0.28795159,0.085207871,0.52864154
Gene.1031,4,0.117436282,-0.478645447,0.420866212,0.135378207
Gene.1032,4,-0.310240871,0.324067834,0.448424307,-0.065344241
Gene.1033,1,0.690042127,-0.414345005,-0.372176033,-0.020126068
Gene.1034,4,-0.459321992,0.258236922,0.925155239,0.034880395
Gene.1035,4,-0.164737338,0.264159328,0.388693376,-0.584447149
Gene.1036,4,-0.527387435,0.19038106,0.620609208,0.49004317
Gene.1037,4,-0.367310831,0.163080743,0.670210596,0.024185241
Gene.1038,4,-0.290569433,0.0836222,0.912698738,-0.018686536
Gene.1039,4,-0.414590223,0.2540492,0.71500831,-0.332460855
Gene.1040,4,0.037111375,0.015026654,0.39568142,0.16182011
Gene.1041,4,-0.414866406,0.171962863,0.909856548,-0.04590281
Gene.1042,4,0.246135154,-0.204450963,0.374506724,-0.069745363
Gene.1043,3,-0.374608239,-0.196696729,0.268525889,-0.353015924
Gene.1044,4,-0.546001874,-0.194546022,0.604665603,-0.165969648
Gene.1045,4,-0.070426626,-0.019380514,0.877919645,0.20079498
Gene.1046,3,0.425314554,-0.382417973,-0.069119667,0.375161384
Gene.1047,4,0.099242901,-0.229534745,0.335595491,0.183537253
Gene.1048,4,-0.359066181,0.192100917,0.866150064,0.197793286
Gene.1049,4,-0.365658391,-0.214430752,0.527289568,0.185896734
Gene.1050,3,0.361402604,0.010181433,0.079544585,-0.448406306
Gene.1051,4,-0.316531251,0.176626052,0.844599143,0.11198713
Gene.1052,4,-0.093147883,-0.332835433,0.670742449,-0.173997349
Gene.1053,4,-0.525243916,0.505330796,0.74180739,-0.017006989
Gene.1054,4,-0.16612321,0.243434782,0.850542325,-0.249777897
Gene.1055,3,-0.27577474,0.057865466,0.196259727,-0.239021899
Gene.1056,3,0.188761826,0.220327522,0.201724996,-0.295143925
Gene.1057,4,-0.228827761,0.099618103,0.932192355,-0.09075366
Gene.1058,4,-0.107883372,0.004649437,0.896341333,-0.221646363
Gene.1059,4,-0.261479314,0.013024631,0.885669001,-0.236896911
Gene.1060,4,-0.145401853,-0.210397108,0.785475253,-0.219502756
Gene.1061,4,-0.13679182,0.373264164,0.67502596,-0.029387262
Gene.1062,4,-0.289011188,0.048869208,0.850873151,0.000762038
Gene.1063,4,-0.225987576,0.026050567,0.941096319,-0.110001693
Gene.1064,4,-0.272120404,0.011801467,0.918971529,0.185055171
Gene.1065,4,0.17284963,-0.430074051,0.479691927,-0.211214895
Gene.1066,4,-0.279357731,0.085423211,0.958132523,-0.039604406
Gene.1067,4,-0.271378759,0.246623099,0.584906666,0.188903613
Gene.1068,3,0.076914619,0.167701656,0.250505832,0.518875787
Gene.1069,3,-0.008824631,0.450511926,0.192475795,-0.075760587
Gene.1070,4,-0.421111565,0.04922487,0.765493708,0.276356308
Gene.1071,4,-0.321277736,0.005403976,0.918996142,2.17E-05
Gene.1072,3,-0.223494223,0.040533619,0.014101635,-0.248502134
Gene.1073,4,-0.174970175,-0.024659693,0.951343398,0.075331921
Gene.1074,3,-0.295183755,-0.047442438,0.183790826,-0.337728347
Gene.1075,4,-0.405339313,0.294356415,0.848939401,0.027107237
Gene.1076,4,-0.251430952,-0.238917394,0.852277065,-0.123085751
Gene.1077,4,-0.421753525,0.202129403,0.904861628,-0.083039322
Gene.1078,4,-0.321708835,0.025385807,0.891995211,0.096817828
Gene.1079,4,-0.320900294,0.174361497,0.939054968,-0.041868205
Gene.1080,4,-0.341471105,0.058396859,0.625935016,-0.006011449
Gene.1081,4,-0.024280904,-0.230941136,0.645375206,-0.331822439
Gene.1082,4,-0.426869246,0.118463909,0.943114155,-0.133679591
Gene.1083,3,0.326762064,0.076329133,0.135310264,-0.565267406
Gene.1084,4,-0.248036399,0.080315336,0.860711563,0.034223311
Gene.1085,4,-0.327866181,0.006995192,0.905699779,-0.013237424
Gene.1086,4,-0.012971568,-0.002713369,0.649390964,-0.119545449
Gene.1087,4,-0.193887271,0.238386613,0.676188225,-0.049783113
Gene.1088,4,-0.150349157,-0.044572147,0.835478529,0.013178786
Gene.1089,4,-0.299681774,0.023710162,0.944956738,0.113858466
Gene.1090,3,0.189576452,0.243087261,0.049683387,-0.261078879
Gene.1091,4,-0.304084602,-0.059630202,0.905609828,-0.057850058
Gene.1092,3,0.249238189,-0.404545132,-0.035392429,-0.510421172
Gene.1093,2,-0.498261322,0.788678114,0.151081119,0.005636136
Gene.1094,4,-0.33369394,0.092138353,0.94309911,0.075606329
Gene.1095,4,-0.242722344,0.140120063,0.846761693,-0.19552673
Gene.1096,3,0.515115881,-0.246836014,0.003686793,0.231350638
Gene.1097,4,-0.033376441,-0.121338115,0.764749746,-0.373319566
Gene.1098,4,-0.388115147,0.164638645,0.445591221,0.029612227
Gene.1099,4,0.012222096,0.277688273,0.548965379,-0.068225179
Gene.1100,4,0.02393301,0.067427472,0.642809081,0.048204637
Gene.1101,2,-0.317998448,0.658448564,0.506274683,-0.075621642
Gene.1102,4,-0.318879244,0.152626999,0.876807754,0.176860038
Gene.1103,3,-0.224258997,-0.205153786,0.230045654,-0.056061057
Gene.1104,4,-0.649425178,0.058974082,0.531448468,-0.148856094
Gene.1105,4,-0.508439117,0.096843115,0.801364036,-0.017396031
Gene.1106,1,0.75958672,-0.20936709,-0.321274523,0.063527833
Gene.1107,4,-0.556390453,0.207809271,0.430711534,0.204272466
Gene.1108,4,-0.466011302,0.24120442,0.939611692,0.050187385
Gene.1109,1,0.791370995,0.035667656,-0.14637907,0.246592281
Gene.1110,4,-0.242131139,-0.017351943,0.964380972,0.011471086
Gene.1111,4,-0.289307278,0.300068707,0.909235652,0.209685517
Gene.1112,3,0.060386699,0.026587154,-0.107836471,-0.370275759
Gene.1113,4,0.158525529,-0.087912697,0.557041707,-0.280703156
Gene.1114,4,0.334476101,-0.241951605,-0.501348333,0.066004807
Gene.1115,4,-0.630540385,0.065356082,0.472539976,-0.113938331
Gene.1116,4,-0.51787399,0.453467695,0.748296734,0.035756091
Gene.1117,4,0.159782201,-0.107148752,0.326832747,0.029146714
Gene.1118,3,0.093617887,0.419088688,0.110950565,-0.012871467
Gene.1119,4,-0.275963129,0.285624816,0.716268315,-0.300102
Gene.1120,4,-0.028236695,-0.092790972,0.909469755,-0.156718591
Gene.1121,4,-0.59262345,0.070802638,0.801136592,0.087488562
Gene.1122,4,-0.159278091,0.065598889,0.866136835,-0.001139028
Gene.1123,3,0.353831159,0.417969393,0.058815328,-0.469888519
Gene.1124,4,0.256442355,-0.373535769,0.389286327,-0.183154856
Gene.1125,4,-0.285321963,0.275472762,0.76109461,-0.349906103
Gene.1126,4,-0.405703993,0.132331505,0.844326662,0.112198834
Gene.1127,4,-0.062114223,0.022400376,0.738365611,0.029237783
Gene.1128,4,-0.36801469,-0.119754584,0.920841869,-0.132631846
Gene.1129,4,-0.424273349,-0.08008727,0.884137093,-0.041417139
Gene.1130,4,-0.288453537,-0.142336124,0.852235465,0.127418725
Gene.1131,4,0.688152346,-0.250048558,-0.504388845,-0.185443964
Gene.1132,4,-0.022613503,0.150978974,0.773391416,-0.04184834
Gene.1133,4,-0.464557869,-0.051222482,0.80758544,0.044511533
Gene.1134,1,0.684367858,-0.148233084,-0.240387566,-0.39872651
Gene.1135,4,0.425254055,-0.093328526,-0.435479156,-0.004242185
Gene.1136,4,-0.102150714,-0.038873384,0.719993624,-0.052045101
Gene.1137,4,-0.194208547,0.008912472,0.854337587,0.050049388
Gene.1138,4,-0.013164993,0.072131462,0.521831885,-0.072033284
Gene.1139,4,0.07254017,-0.261310613,0.671436305,-0.118902646
Gene.1140,4,-0.166725047,-0.008594082,0.788590734,-0.321795161
Gene.1141,4,-0.282438777,-0.255997979,0.341805069,0.113652613
Gene.1142,3,0.194845813,0.018742468,0.128830567,-0.513326179
Gene.1143,4,-0.276343765,-0.068200774,0.94262767,-0.127671263
Gene.1144,4,-0.468791312,0.352713386,0.815297229,-0.139032785
Gene.1145,3,-0.07406228,0.452382115,0.055896319,-0.232016842
Gene.1146,4,-0.293440406,-0.064134013,0.752324595,-0.286353435
Gene.1147,4,-0.315399921,0.004696767,0.92073487,0.029147137
Gene.1148,3,0.277895159,-0.490314627,0.274782242,-0.120250425
Gene.1149,4,-0.026367299,0.236235835,0.31393393,0.011641156
Gene.1150,4,-0.073681356,-0.23420882,-0.556796331,0.331359459
Gene.1151,4,-0.419274639,-0.07876405,0.908591465,0.069134266
Gene.1152,4,-0.420066613,0.160743864,0.95054938,0.015126
Gene.1153,1,0.651424978,0.004218316,0.252696374,-0.032853242
Gene.1154,3,-0.520374446,0.063950578,0.285415254,-0.111065468
Gene.1155,4,-0.209210365,0.020329325,0.639229401,-0.355859996
Gene.1156,4,-0.034509318,0.282779338,0.699123574,-0.174325071
Gene.1157,4,-0.326185886,0.182666773,0.9252047,-0.167494527
