,index,kME_MM.brown,kME_MM.blue,kME_MM.turquoise,kME_MM.grey
Gene.1,3,0.388034787,-0.649771213,0.064161765,0.845138502
Gene.2,3,0.325173778,-0.551797033,-0.126725038,0.641124985
Gene.3,1,0.373453277,-0.746115614,-0.228674693,0.762187902
Gene.4,1,0.63415221,-0.734728884,0.254730467,0.865216011
Gene.5,3,0.469685977,-0.06160079,-0.299605874,0.167401226
Gene.6,2,0.735742008,-0.680013454,-0.041880711,0.788454973
Gene.7,3,0.332063622,-0.748912936,-0.188481258,0.84063633
Gene.8,3,0.288935395,-0.403637182,0.206274568,0.696948364
Gene.9,3,0.451784945,-0.489852413,0.269062337,0.662403846
Gene.10,1,0.577591632,-0.770793386,-0.123746406,0.848325883
Gene.11,3,0.188121584,-0.707138223,0.162556925,0.836627905
Gene.12,1,0.588282612,-0.752858794,-0.33005167,0.70434676
Gene.13,3,0.380933877,-0.331163048,0.155227968,0.53908836
Gene.14,3,-0.041727222,-0.285454445,-0.283326123,-0.028954834
Gene.15,3,0.344378243,-0.479837315,-0.200726256,0.511476805
Gene.16,3,0.162176401,-0.484314148,0.115812531,0.711660627
Gene.17,3,-0.016447705,-0.520075677,0.355176508,0.654546569
Gene.18,3,0.479767523,-0.668069388,-0.301706687,0.760927368
Gene.19,3,0.566438534,-0.671815678,-0.23441211,0.808782046
Gene.20,3,-0.149711696,-0.392895821,-0.076390124,0.456628725
Gene.21,3,-0.054813821,-0.348081761,0.066013185,0.383675215
Gene.22,4,0.368404584,-0.225988297,-0.347325189,0.223936722
Gene.23,2,0.661195059,-0.486735468,-0.040139811,0.5982784
Gene.24,3,0.45549445,-0.641033221,0.05681131,0.794638123
Gene.25,3,0.204997141,-0.648737835,-0.305435318,0.765605747
Gene.26,1,0.459087778,-0.845895282,-0.044662434,0.948855284
Gene.27,1,0.602363121,-0.78615235,-0.335204456,0.86060621
Gene.28,3,0.154825403,-0.389464932,0.067893529,0.509685326
Gene.29,3,0.086264742,-0.272688615,0.000591335,-0.104165591
Gene.30,3,0.504167792,-0.609735297,0.199212839,0.8262026
Gene.31,3,0.627434766,-0.585821982,-0.339045778,0.519846062
Gene.32,3,0.203229941,-0.410150228,-0.361962703,-0.072841335
Gene.33,3,-0.128174242,-0.251450041,-0.189012551,-0.094137993
Gene.34,3,0.053748132,-0.397707981,0.171840696,0.365322083
Gene.35,3,0.324068097,-0.509114474,0.24307351,0.656305251
Gene.36,1,0.302248147,-0.729377382,-0.514125864,0.507485798
Gene.37,3,0.22247547,-0.526824495,0.055885228,0.677731721
Gene.38,1,0.306985192,-0.745792923,-0.302231973,0.679681342
Gene.39,3,0.391303557,-0.39161184,0.014626364,0.580093543
Gene.40,3,0.374436308,-0.501922457,0.169641939,0.826434241
Gene.41,3,0.215902678,-0.666864899,-0.200126105,0.777541885
Gene.42,3,0.512725491,-0.478040127,-0.284999816,0.504343653
Gene.43,4,0.20235491,-0.287654156,0.365907718,0.640508465
Gene.44,3,-0.218620478,0.233087368,-0.314344914,-0.553034567
Gene.45,3,0.619209055,-0.359092351,-0.039898864,0.364603016
Gene.46,3,0.558743262,-0.412361764,0.208115903,0.629264745
Gene.47,3,0.471465354,-0.738938592,-0.298343427,0.832661325
Gene.48,4,0.144190508,0.274315181,0.317838907,0.081175858
Gene.49,3,0.230452826,-0.50338753,-0.10742802,0.684294656
Gene.50,3,0.53434111,-0.292075517,-0.050962673,0.385219307
Gene.51,4,0.11229382,0.271077403,0.382291551,0.082367683
Gene.52,3,0.150825496,-0.475999544,-0.261850898,0.449396004
Gene.53,3,0.582318627,-0.584462172,0.139076743,0.69070716
Gene.54,3,-0.093460371,-0.322641206,-0.20609043,0.16593417
Gene.55,3,-0.065601367,-0.257774054,0.246143603,0.010028418
Gene.56,4,-0.238849095,-0.03823063,-0.399631375,0.101273491
Gene.57,3,0.403024499,-0.581205503,-0.134520799,0.72244585
Gene.58,3,-0.100187569,-0.508851497,-0.114509115,0.413834357
Gene.59,2,0.752629665,-0.477442168,-0.325625964,0.338097357
Gene.60,3,0.452871108,-0.729893473,-0.064119931,0.8706987
Gene.61,3,0.476364793,-0.613371214,-0.367456733,0.527394682
Gene.62,3,0.135172206,-0.54540393,0.010099164,0.605375007
Gene.63,3,0.447912624,0.091007345,-0.253849307,-0.23608438
Gene.64,3,-0.159463665,-0.437246517,0.156453392,0.656166399
Gene.65,3,0.571792093,-0.579674272,0.298274047,0.758995539
Gene.66,2,0.648788425,-0.647474394,-0.373742526,0.6292405
Gene.67,4,0.152984045,-0.364864161,0.350615033,0.35616789
Gene.68,3,0.087794159,-0.178198302,0.186229057,0.095369343
Gene.69,3,0.146765803,-0.390971946,0.056881542,0.60165667
Gene.70,3,0.15404763,0.002156714,0.036394578,-0.06047807
Gene.71,3,-0.197576228,0.475553662,0.161414416,-0.568713154
Gene.72,3,0.441538297,-0.683718408,-0.177896568,0.746819965
Gene.73,3,0.34919812,-0.556734937,0.134277796,0.719097733
Gene.74,4,0.210441021,-0.621697266,-0.476684094,0.54591833
Gene.75,3,0.557514229,-0.602537059,-0.023518557,0.717993445
Gene.76,3,0.484787886,-0.545951332,0.235686554,0.783344922
Gene.77,4,-0.110184318,0.055057637,-0.429768796,-0.28851782
Gene.78,3,0.402717527,-0.215340841,-0.171193046,0.146043096
Gene.79,1,0.439044002,-0.634281412,-0.360003222,0.408423974
Gene.80,3,0.207469125,-0.521004121,0.246403403,0.681806696
Gene.81,3,0.32455364,-0.525198881,0.084229667,0.666292156
Gene.82,3,0.491947488,-0.743202897,-0.178134697,0.825605316
Gene.83,3,0.652758208,-0.577440441,0.006347695,0.810648259
Gene.84,2,0.613421976,-0.572846733,0.170163039,0.635923466
Gene.85,3,0.153408106,-0.410855544,-0.013248476,0.16621578
Gene.86,3,-0.323850201,0.188456742,0.231897897,0.099642927
Gene.87,4,0.038947113,-0.518869323,-0.433910144,0.378673998
Gene.88,3,0.127216339,-0.702046056,-0.092155582,0.780721042
Gene.89,3,0.497085041,-0.414247366,0.053723238,0.47104267
Gene.90,3,0.469448124,-0.549072874,-0.07803989,0.337268768
Gene.91,3,0.122191368,-0.237513616,-0.162269452,-0.143535803
Gene.92,3,0.218118474,-0.674125981,-0.009012322,0.847707697
Gene.93,3,0.081543002,0.18506453,0.220418511,-0.361785778
Gene.94,4,0.397337051,-0.407947363,0.409319717,0.572561433
Gene.95,3,0.470349195,-0.585198441,0.392739674,0.80112091
Gene.96,2,0.649968791,-0.47347192,-0.388724817,0.404686717
Gene.97,3,0.10175211,-0.074008263,0.170276339,0.299906204
Gene.98,2,0.523232752,-0.426272299,0.247487004,0.564372671
Gene.99,1,0.672794237,-0.709237116,0.053234852,0.812441181
Gene.100,3,0.184013377,-0.61009464,-0.049752485,0.706837578
Gene.101,3,-0.150395824,-0.371260124,-0.000167436,0.348464262
Gene.102,3,0.13039391,-0.540364753,0.227142032,0.767506431
Gene.103,3,0.309625673,-0.485053418,-0.034947841,0.610903225
Gene.104,1,0.311132822,-0.660951165,0.39535113,0.695438812
Gene.105,3,0.506555043,-0.442536785,-0.282456877,0.496376133
Gene.106,4,0.141143683,-0.23967992,0.411325227,0.148344316
Gene.107,1,-0.18943965,0.722609601,0.018066742,-0.463097198
Gene.108,3,0.001704064,-0.498003907,-0.188476493,0.586914628
Gene.109,4,0.375490449,-0.32973956,0.379236897,0.617476258
Gene.110,2,0.629148212,-0.343903764,-0.110441874,0.077970119
Gene.111,1,0.283972253,-0.820667978,-0.304265801,0.585396575
Gene.112,4,0.290878317,-0.264441468,0.360143598,0.619444265
Gene.113,3,0.522540206,-0.671445388,0.166941912,0.887990009
Gene.114,3,-0.198252294,-0.100273468,0.123932281,-0.175018811
Gene.115,1,0.267908866,-0.841255247,-0.1106166,0.689763306
Gene.116,3,0.225161178,-0.250194553,0.215919995,0.033972198
Gene.117,4,0.382936018,-0.36735062,-0.354859761,0.452672859
Gene.118,3,0.145104203,-0.417618501,0.26940954,0.712752698
Gene.119,3,0.510281378,-0.40604835,0.156314657,0.406146453
Gene.120,1,0.460972202,-0.613394751,-0.424767071,0.516434526
Gene.121,4,0.035130755,-0.368688817,-0.33112484,0.345290176
Gene.122,3,-0.179350192,0.087026531,0.069245013,-0.328581326
Gene.123,3,-0.203008435,-0.258945893,0.113484307,0.471336209
Gene.124,2,0.800471214,-0.456785794,0.11536571,0.57551487
Gene.125,3,-0.428093702,0.410007041,0.134403319,-0.483156181
Gene.126,2,0.700718698,-0.660636455,-0.04857185,0.710344343
Gene.127,3,0.481286685,-0.595262899,-0.164493438,0.720711914
Gene.128,2,0.843345743,-0.23303103,0.108716564,0.296130134
Gene.129,3,-0.07784671,0.003162486,-0.236438733,-0.057189469
Gene.130,3,0.133963609,-0.208704735,-0.123023837,0.140752833
Gene.131,3,0.129770182,-0.39408139,0.188044749,0.54305188
Gene.132,3,0.158999997,-0.207130058,0.253526241,0.181390996
Gene.133,2,0.899239625,-0.287182405,-0.086227594,0.306338124
Gene.134,3,0.401020347,-0.372469416,-0.300744641,0.163155387
Gene.135,2,0.887367164,-0.362777143,-0.044669514,0.260371614
Gene.136,4,0.044411173,-0.390919802,-0.326147004,0.017409783
Gene.137,4,0.018908402,-0.156199401,0.675490753,0.491037557
Gene.138,1,0.540074068,-0.864988698,-0.123709165,0.800839623
Gene.139,4,0.326641513,0.071614932,0.395461952,0.235244152
Gene.140,3,0.180628231,-0.008039896,0.014463006,-0.174830247
Gene.141,3,0.534403765,-0.604132644,-0.265784314,0.575520085
Gene.142,1,0.583598745,-0.648056936,0.004325431,0.746832717
Gene.143,3,0.480902115,-0.074942189,0.008053649,0.072011077
Gene.144,1,0.501312547,-0.845501744,-0.331420522,0.7667246
Gene.145,4,0.102601274,-0.336515268,-0.434063063,0.220259165
Gene.146,3,0.400103359,-0.683145891,-0.243041225,0.701228113
Gene.147,3,0.043346664,0.179372206,-0.046596565,-0.205509376
Gene.148,3,0.417183001,-0.465794347,0.20356609,0.738796427
Gene.149,3,-0.019271156,0.375991922,0.331505847,0.074763427
Gene.150,3,0.290344278,-0.410771715,-0.092465409,0.397585056
Gene.151,3,0.267323648,-0.334238276,0.144177007,0.028913574
Gene.152,1,0.560584851,-0.839113433,-0.08295886,0.895959585
Gene.153,3,0.059614343,-0.341588167,-0.26318667,0.303910837
Gene.154,2,0.572864869,-0.111201087,-0.229531985,0.07040845
Gene.155,2,0.623008842,0.029721249,0.222910067,0.168598565
Gene.156,3,0.151589444,-0.21069506,-0.063857091,0.24996626
Gene.157,1,0.451054358,-0.796308658,-0.195594309,0.761557092
Gene.158,1,0.445989554,-0.693102767,0.018130447,0.659089903
Gene.159,3,-0.05422472,-0.478143831,-0.076171409,0.256721916
Gene.160,4,-0.043251876,0.213821337,0.802045357,0.049741105
Gene.161,4,0.225576762,-0.283374141,0.317854522,0.51940531
Gene.162,3,-0.267942111,0.252149651,0.175032979,-0.294728466
Gene.163,3,0.260101873,-0.328787578,0.078279942,0.534215356
Gene.164,4,-0.312077431,0.460027017,0.798425689,-0.291683562
Gene.165,3,0.260709263,-0.248402007,-0.047195027,0.263739246
Gene.166,2,0.917551132,-0.421662063,-0.212554442,0.431378841
Gene.167,4,-0.163044015,0.262484452,0.60361963,-0.212676846
Gene.168,3,0.49045914,-0.103095411,0.03922036,0.232665863
Gene.169,3,0.201430962,-0.080465176,-0.16153864,0.0356853
Gene.170,3,0.275693398,-0.402385532,-0.187936196,0.360149431
Gene.171,4,0.412772368,-0.132932206,0.598580408,0.537818824
Gene.172,4,0.097112658,-0.075672126,0.417773192,0.33321349
Gene.173,3,0.176360074,-0.314710899,0.060688652,0.471886999
Gene.174,4,-0.206973696,-0.014247666,0.339815788,0.059145548
Gene.175,1,-0.327658385,0.726554678,0.379873192,-0.637307562
Gene.176,3,-0.091396694,-0.071765816,0.133493528,-0.217340202
Gene.177,4,0.05844011,-0.018586983,0.328177159,0.398220415
Gene.178,3,0.115828486,0.091268044,-0.13157518,0.243934536
Gene.179,1,-0.425474569,0.903877277,0.375587295,-0.676635058
Gene.180,4,0.336323663,-0.327430495,0.640461613,0.581184789
Gene.181,3,0.5568036,-0.618789948,-0.362749765,0.653526628
Gene.182,3,-0.089523405,0.385033491,-0.223265612,-0.357234722
Gene.183,2,0.652595269,-0.137154295,-0.014784736,0.298068891
Gene.184,3,-0.068038711,-0.24718195,0.006821051,0.0039011
Gene.185,3,-0.239290873,-0.033007146,0.003111484,-0.100700629
Gene.186,3,0.358740544,-0.542937368,0.175224808,0.476836888
Gene.187,3,0.417090882,-0.306757934,-0.146101698,0.062724797
Gene.188,3,0.21684499,-0.556175793,-0.115465107,0.578258804
Gene.189,3,-0.010800515,-0.070157474,0.223208764,-0.168836573
Gene.190,4,0.024456192,-0.412243388,-0.431741886,0.044688902
Gene.191,3,0.414791953,-0.633350872,-0.350230912,0.643053731
Gene.192,4,0.283386505,-0.421147365,0.528015418,0.678005889
Gene.193,3,-0.065833119,-0.252262705,0.248705931,0.565792896
Gene.194,3,0.513006653,-0.276729171,-0.216414669,0.059878215
Gene.195,4,-0.051683557,0.165921871,0.709144189,0.27124564
Gene.196,1,0.518079972,-0.794345147,-0.21644172,0.775578311
Gene.197,3,0.417490986,-0.578884708,0.259451959,0.724885785
Gene.198,3,-0.213844285,0.125091276,-0.180378316,-0.476447648
Gene.199,3,0.27371831,0.251830561,-0.109055793,-0.531595932
Gene.200,4,-0.109519213,-0.300974124,-0.534228505,0.10603299
Gene.201,1,0.533347014,-0.700436424,-0.370614499,0.643725804
Gene.202,3,0.075232242,0.38348713,0.209783816,-0.205365277
Gene.203,3,0.539775597,-0.108561245,-0.310309147,0.089807086
Gene.204,1,0.249131784,-0.562956446,-0.23129478,0.088028198
Gene.205,1,0.206249796,-0.765697465,-0.41153769,0.524604883
Gene.206,4,0.015753313,0.344125811,0.880351778,-0.000766785
Gene.207,3,0.192767132,-0.570162156,-0.196179368,0.546695584
Gene.208,3,0.001179241,-0.219544157,0.225862375,-0.07384912
Gene.209,3,-0.046001557,-0.55502775,-0.123083919,0.458496697
Gene.210,4,0.044329693,-0.030791515,-0.452685816,-0.159407044
Gene.211,4,0.099846164,0.310417518,0.698946608,-0.065374184
Gene.212,1,0.468086183,-0.805408183,-0.060896363,0.817513021
Gene.213,4,0.547332673,-0.331502093,0.342186803,0.265944418
Gene.214,3,0.192013173,-0.266976054,0.214509928,0.089525986
Gene.215,3,0.345110692,-0.503515693,-0.097393126,0.361342561
Gene.216,3,-0.030512808,-0.371450215,0.279817407,0.417928968
Gene.217,3,0.232678438,-0.169718754,-0.051854784,0.062678095
Gene.218,4,-0.134352513,0.355772396,0.90590128,-0.031106445
Gene.219,3,-0.225362289,-0.528921714,0.073658305,0.668886013
Gene.220,3,0.468351371,-0.183369946,0.12447979,0.439613985
Gene.221,3,0.054484121,-0.524861498,-0.108889898,0.711334343
Gene.222,3,-0.01996599,-0.188402027,0.158759571,-0.007655793
Gene.223,4,0.191750516,-0.093176121,-0.311895471,-0.404384931
Gene.224,3,0.291941339,0.033293575,-0.391639359,-0.286054301
Gene.225,3,0.491907113,-0.508411294,0.285412509,0.565781085
Gene.226,3,-0.04305589,-0.192897151,-0.210418202,0.016936487
Gene.227,3,0.381692275,-0.523834173,0.333908683,0.518200888
Gene.228,3,0.371298061,-0.668191702,0.217229659,0.800852616
Gene.229,3,0.251599394,-0.416018263,-0.079134699,0.322485783
Gene.230,3,0.138655976,-0.078954977,0.122211195,0.333955577
Gene.231,4,-0.638572407,0.626465408,0.642867526,-0.32752864
Gene.232,4,0.061660402,0.192063766,0.599558208,-0.230618553
Gene.233,3,0.191843536,-0.480994059,0.076194209,0.725528041
Gene.234,4,-0.21058109,-0.0559863,0.735476542,0.293159522
Gene.235,4,0.248655611,0.082791786,0.706911081,0.038684344
Gene.236,2,0.660535465,-0.174289062,0.495340158,0.398213211
Gene.237,4,-0.186189265,0.357944713,0.360856765,-0.575878294
Gene.238,3,0.200172507,-0.121294028,-0.08989278,-0.134491836
Gene.239,4,0.020467846,0.246305052,0.82190585,-0.108246929
Gene.240,4,0.363992604,-0.272581566,0.519502502,0.555163217
Gene.241,2,0.351582693,0.334483585,-0.052849354,-0.304607888
Gene.242,3,-0.286541056,-0.026613426,0.035150256,0.342688536
Gene.243,1,-0.404039208,0.819510353,0.236570719,-0.488387602
Gene.244,3,-0.116282795,0.205587028,-0.123945085,-0.298249709
Gene.245,1,-0.420258635,0.903351303,0.039391908,-0.790231192
Gene.246,3,0.34560411,-0.429209623,0.101100151,0.557464298
Gene.247,3,0.156600563,-0.529511279,0.034574661,0.6195696
Gene.248,3,0.454551079,-0.517921733,0.053777533,0.669849948
Gene.249,4,-0.154939462,0.130031695,0.759684515,0.270261822
Gene.250,2,0.723574577,-0.11494201,-0.088049606,0.022922484
Gene.251,3,0.29923831,-0.756139465,-0.181505226,0.872177872
Gene.252,3,0.100926446,0.248789459,0.004321484,-0.406064602
Gene.253,3,0.099842203,-0.570583188,-0.238925683,0.716702062
Gene.254,1,0.620242036,-0.751148127,0.030318802,0.709248029
Gene.255,4,0.007579093,0.062636792,0.806238714,0.052980856
Gene.256,1,-0.334882717,0.732450324,-0.239794568,-0.761264192
Gene.257,4,0.070896497,0.137827313,0.503690579,-0.111330945
Gene.258,3,0.461830661,-0.622213635,-0.257910162,0.546495484
Gene.259,3,0.407416561,-0.714885474,-0.383283647,0.713319317
Gene.260,4,0.032025944,0.154332959,0.906901346,0.096607459
Gene.261,3,-0.127088262,-0.39399349,0.068833554,0.590889667
Gene.262,3,0.210359597,-0.686179126,-0.00730592,0.399660967
Gene.263,4,0.148715191,0.475236182,0.576578667,-0.189064835
Gene.264,3,-0.045558187,-0.336673093,0.074231247,0.086188671
Gene.265,4,0.134323125,-0.251756681,0.61051766,0.480596949
Gene.266,4,-0.333475533,0.63179761,0.560708804,-0.407344937
Gene.267,4,-0.152446022,0.678033889,0.56417399,-0.39771685
Gene.268,4,0.034158801,-0.070742305,-0.308985342,-0.004943777
Gene.269,4,0.050407816,0.380832126,0.882543911,-0.081044645
Gene.270,3,-0.167088883,-0.138018886,0.217008954,0.421730462
Gene.271,3,0.128012347,-0.472247051,-0.160703749,0.397903196
Gene.272,4,-0.020522887,0.404324703,0.941921533,-0.13354062
Gene.273,3,0.542941769,-0.257212579,-0.261360535,0.220636409
Gene.274,2,0.656559243,-0.45985492,0.145617187,0.377189369
Gene.275,2,0.33731691,0.254616323,-0.104403083,-0.075156653
Gene.276,3,0.002211197,0.116888128,-0.183161288,-0.174968989
Gene.277,4,0.236545943,-0.305739965,0.358020358,0.346870104
Gene.278,4,-0.106773075,-0.260079765,0.339131997,0.360136397
Gene.279,2,0.8470776,-0.658360456,-0.149360633,0.568921543
Gene.280,4,-0.159134793,0.463150079,0.901788756,-0.086368447
Gene.281,4,-0.178420114,0.105967066,0.727358463,0.222933168
Gene.282,3,0.092258274,-0.403313609,-0.258645176,0.386363312
Gene.283,3,-0.342242442,-0.368621811,-0.270531909,0.105447705
Gene.284,3,0.001141673,0.449091806,0.301271021,-0.544960069
Gene.285,3,0.204257502,-0.525575811,0.087113978,0.626362123
Gene.286,1,0.249140642,-0.828982242,-0.302302527,0.75039112
Gene.287,4,-0.237479161,0.671796316,0.48756056,-0.378294207
Gene.288,4,0.195303267,-0.009393984,0.900986918,0.305770481
Gene.289,4,-0.086623991,0.140891099,0.312573568,-0.344237163
Gene.290,3,-0.573316819,0.726869454,0.31727021,-0.70075812
Gene.291,4,-0.415034322,0.358392446,0.729686873,-0.081676045
Gene.292,4,-0.098609919,0.300172576,0.591780151,-0.131832724
Gene.293,4,-0.124899884,0.06723262,0.764724416,0.307019854
Gene.294,3,-0.264037175,-0.193821672,-0.06618104,0.024462874
Gene.295,2,0.310794048,0.348657572,0.0287288,-0.251240202
Gene.296,3,0.439863725,-0.640015198,-0.185796545,0.578887485
Gene.297,4,0.333144068,-0.05895647,0.803425038,0.353271731
Gene.298,2,0.881588405,-0.38533591,-0.090219272,0.254175797
Gene.299,3,0.246351583,-0.473917038,0.321065969,0.698007299
Gene.300,1,0.702148311,-0.747984872,-0.083806808,0.66565604
Gene.301,4,-0.054033457,0.363276131,0.561140686,0.013640392
Gene.302,4,-0.043400465,0.262958959,0.316943422,-0.472722137
Gene.303,4,-0.346885124,0.571879074,0.793236363,-0.229871574
Gene.304,3,0.60360782,-0.378163135,-0.40773883,0.130609275
Gene.305,4,-0.415774573,0.104538961,0.302289091,-0.104208755
Gene.306,3,0.237075873,-0.342511959,0.019646233,0.297919615
Gene.307,3,0.00964509,-0.564353895,-0.220847279,0.741187209
Gene.308,3,0.410329507,-0.26103339,0.254745544,0.248108838
Gene.309,3,0.240208153,-0.654324529,0.148855986,0.800891688
Gene.310,4,-0.142207243,0.184037848,0.85853114,0.08422918
Gene.311,4,-0.263010933,0.099538384,0.681937947,0.012350517
Gene.312,3,0.054471259,0.23001617,0.271616045,-0.06620858
Gene.313,3,-0.490553231,0.407314749,-0.073239838,-0.371314555
Gene.314,1,0.227297047,-0.666060597,0.013043119,0.474781243
Gene.315,3,0.158722512,-0.048877449,0.123128912,0.057220365
Gene.316,2,0.810341641,-0.595393901,-0.226366896,0.34625112
Gene.317,4,-0.031327756,0.319669838,0.715212245,-0.029846742
Gene.318,4,-0.169664371,0.269036573,0.76518207,-0.162918039
Gene.319,4,-0.182360913,0.205999242,0.888564807,0.059895503
Gene.320,4,-0.109786637,0.23272773,0.651800539,-0.074649843
Gene.321,4,0.167397241,-0.197773766,0.488562617,0.180526346
Gene.322,1,-0.405808968,0.915341716,0.163724955,-0.679349273
Gene.323,4,0.031522934,0.401835147,0.827672843,-0.100621873
Gene.324,3,-0.086234431,0.08364077,-0.017108496,-0.091687979
Gene.325,4,-0.022912445,-0.407598868,-0.500402742,0.378544843
Gene.326,3,0.306543806,-0.541602124,-0.059267703,0.53066713
Gene.327,4,-0.029993574,0.273563463,0.850471127,0.065171317
Gene.328,4,-0.091235996,0.458150126,0.63940324,-0.347999148
Gene.329,1,-0.413800155,0.469047308,-0.213407989,-0.609093172
Gene.330,4,0.272700984,-0.161183003,0.580106723,0.455838955
Gene.331,3,0.307384395,-0.231758758,0.087442207,0.360663427
Gene.332,2,0.666672756,0.05524519,-0.020343283,0.012267685
Gene.333,4,0.054613568,0.290935052,0.969120195,-0.018998525
Gene.334,4,-0.347457662,0.03372808,0.579163184,-0.058805288
Gene.335,4,0.226986466,-0.183818746,0.394504996,0.094646535
Gene.336,1,-0.365937378,0.720585652,0.549314545,-0.441271419
Gene.337,3,-0.580087482,0.477311398,-0.215501985,-0.514080425
Gene.338,1,-0.269145095,0.760920125,0.707356678,-0.384194778
Gene.339,3,0.30510296,-0.190974146,-0.050200575,-0.050048564
Gene.340,4,-0.358864485,0.356741343,0.467148005,-0.030691683
Gene.341,4,0.243976187,0.013508368,0.840881069,0.269100483
Gene.342,2,0.859952554,-0.073941521,0.033722144,0.150879098
Gene.343,3,0.356033628,-0.524722575,0.394382896,0.638099936
Gene.344,3,0.345045132,-0.10817381,-0.245293985,0.068757467
Gene.345,3,-0.426600344,-0.079438323,0.11463683,0.097331008
Gene.346,4,-0.212769832,0.58199225,0.438296797,-0.527022338
Gene.347,2,0.745926054,-0.172509643,-0.172996704,-0.033547539
Gene.348,4,-0.261969001,0.249915325,0.449431698,-0.142942908
Gene.349,3,0.407106349,-0.57692782,-0.199624671,0.501379334
Gene.350,3,-0.138193368,-0.558536392,0.204868932,0.369404651
Gene.351,3,-0.078228579,0.49259087,0.247777696,-0.529264075
Gene.352,4,0.172814811,0.247703063,0.344228738,-0.314574197
Gene.353,3,0.559211058,-0.418141854,0.043237547,0.42402751
Gene.354,1,-0.376780553,0.871770671,0.196275935,-0.605053489
Gene.355,4,-0.136003007,0.484486759,0.895621205,-0.141902171
Gene.356,2,0.675743948,-0.137000251,0.267093186,0.238126253
Gene.357,4,-0.167768752,0.52647719,0.762210989,-0.103565437
Gene.358,4,-0.064507571,0.456896959,0.810546887,-0.335391154
Gene.359,4,0.481964621,-0.375006794,-0.420880706,0.164350088
Gene.360,4,0.098409375,-0.103376302,0.837283531,0.280545769
Gene.361,4,-0.067186723,0.156217405,0.903148105,0.169846965
Gene.362,1,-0.452260065,0.906446504,-0.055047749,-0.791562735
Gene.363,4,-0.268111723,0.220204556,0.710072992,0.09026755
Gene.364,4,-0.25014972,0.41120071,0.777608223,-0.092445157
Gene.365,4,0.204012901,0.314049363,0.356052704,-0.202226452
Gene.366,4,-0.010266222,0.246381729,-0.595645058,-0.341367954
Gene.367,4,0.437364865,0.059516414,0.427083161,0.212064102
Gene.368,4,-0.22258036,0.308850162,0.650567743,-0.05068832
Gene.369,1,-0.095097602,0.848388097,0.462035133,-0.597414079
Gene.370,3,0.458757971,-0.031629858,0.071228877,-0.091873692
Gene.371,4,-0.129158938,0.332358716,0.383421514,-0.377126974
Gene.372,3,0.336309669,-0.275540617,0.241336822,0.373099933
Gene.373,3,0.242181466,-0.455814531,0.091235647,0.626816557
Gene.374,4,-0.290623732,0.542808839,0.836847324,-0.336284788
Gene.375,4,0.331323113,-0.048509286,-0.41550221,-0.223114345
Gene.376,4,-0.036235534,-0.094315726,0.758793638,0.369346428
Gene.377,3,0.501815002,-0.569439429,0.056732857,0.829656203
Gene.378,1,-0.259767201,0.641109919,0.119215346,-0.71783941
Gene.379,4,-0.118979912,0.489253032,0.855570272,-0.171748475
Gene.380,4,-0.0254075,0.340413891,0.923744722,-0.160301924
Gene.381,3,0.201318397,-0.485406042,0.358328398,0.705930629
Gene.382,4,0.356641381,-0.12431046,0.645616704,0.156229861
Gene.383,4,-0.302898194,0.317720985,0.851205181,0.10012033
Gene.384,4,0.019546792,0.353157797,0.485223451,-0.202727806
Gene.385,3,0.328001173,-0.553224942,0.351390558,0.752990385
Gene.386,2,0.698887047,-0.581963467,-0.10286373,0.48623956
Gene.387,4,0.002608573,0.460215723,0.909629144,-0.144628017
Gene.388,4,-0.183236154,0.013818362,0.567280433,0.091221862
Gene.389,4,-0.024436228,0.328510932,0.933234042,-0.123459065
Gene.390,1,-0.350409844,0.500053165,-0.245134989,-0.604777005
Gene.391,1,-0.240705445,0.704076685,0.686156941,-0.373975882
Gene.392,4,-0.148256129,0.642755906,0.804116528,-0.335284095
Gene.393,3,-0.222836062,0.027967321,-0.000664565,-0.074581323
Gene.394,4,-0.272265561,0.453628147,0.468640231,-0.383938871
Gene.395,4,-0.033616478,0.294828208,0.929196762,-0.017265302
Gene.396,2,0.811433593,-0.438024269,0.170890451,0.572937423
Gene.397,3,0.321309396,-0.424679648,0.292117307,0.509201695
Gene.398,4,-0.109613309,0.607895893,0.813344248,-0.447931702
Gene.399,4,0.174668464,-0.194293983,0.446165851,-0.016006233
Gene.400,3,-0.026382127,0.007097142,-0.072568681,-0.15496169
Gene.401,4,0.121299877,0.243597241,0.76329604,-0.077567658
Gene.402,3,0.017916035,-0.074921807,0.028747373,0.024401153
Gene.403,4,-0.176798224,0.664461216,0.638876205,-0.33942764
Gene.404,4,0.017005641,0.002288429,0.682024804,-0.044350609
Gene.405,1,0.31944296,-0.586436375,-0.388082904,0.413274642
Gene.406,3,-0.107296035,0.127946452,-0.013102801,0.053022708
Gene.407,3,0.279198134,0.086127648,-0.279726099,-0.259471886
Gene.408,1,-0.292653745,0.694140679,0.484718831,-0.468166679
Gene.409,1,-0.503768702,0.781336944,0.416288706,-0.68595046
Gene.410,4,-0.088223805,0.388334018,0.939635033,-0.075926005
Gene.411,4,0.506403385,-0.462785981,0.476896985,0.713081774
Gene.412,1,-0.267779008,0.746699969,0.489681819,-0.70713991
Gene.413,3,-0.033156723,-0.514801509,0.0223234,0.623977948
Gene.414,4,0.257649642,0.147206682,0.825390177,-0.024694914
Gene.415,3,-0.041082081,0.192194451,0.249417244,-0.069377746
Gene.416,3,0.452677277,-0.366310146,0.021612054,0.431624741
Gene.417,1,-0.027700416,0.646642239,-0.07353801,-0.636599603
Gene.418,4,0.026354391,-0.045114866,0.824333796,0.380254492
Gene.419,4,-0.031475488,0.137789749,0.591287969,0.191030127
Gene.420,3,-0.309022208,0.50541065,0.305408354,-0.599991778
Gene.421,3,0.12705429,-0.755848589,-0.172067492,0.765196863
Gene.422,2,-0.780113406,0.386457197,0.272780318,-0.238173392
Gene.423,3,-0.213176481,-0.043231016,0.284574379,0.097974448
Gene.424,4,-0.178058779,0.160481544,0.324883511,0.074980385
Gene.425,4,0.174023929,-0.289293771,0.618961157,0.220369279
Gene.426,2,0.632431829,-0.247597297,0.257900669,0.335570572
Gene.427,1,-0.028788648,0.534842075,0.008141108,-0.329693286
Gene.428,3,-0.012439423,0.200990942,-0.133667196,-0.235111367
Gene.429,4,0.273032413,0.202210108,0.935744983,0.104252505
Gene.430,4,0.017218315,-0.206539042,0.565407089,0.259043383
Gene.431,4,-0.038813011,-0.066978006,0.731049973,0.290035621
Gene.432,4,-0.206820686,0.526818936,0.763321382,-0.095874491
Gene.433,4,0.057860952,0.220799731,0.58945002,-0.116947298
Gene.434,4,-0.154165019,0.155665575,0.689457455,0.141033233
Gene.435,3,0.419970643,-0.076165795,-0.228902259,-0.203397318
Gene.436,4,0.199890601,-0.086521753,0.453815576,0.10374765
Gene.437,3,0.253038812,-0.448264116,-0.267785533,0.267907991
Gene.438,3,0.589011441,-0.686096336,-0.164467042,0.62937727
Gene.439,4,-0.213391078,0.556890637,0.789379385,-0.21318245
Gene.440,4,0.027263737,0.320546538,0.765383115,-0.133143039
Gene.441,3,0.24155738,-0.484878634,0.154489028,0.580817383
Gene.442,3,0.178712146,-0.064864345,-0.144953894,-0.15935411
Gene.443,3,0.195914386,-0.471650423,0.222561864,0.225908703
Gene.444,4,0.072393555,0.303031677,0.885596598,0.040245974
Gene.445,4,0.038451166,0.318336138,0.790501812,-0.084585357
Gene.446,3,0.65493943,-0.563405646,0.129147452,0.774130795
Gene.447,4,0.058675613,0.397012997,0.927818534,-0.062480864
Gene.448,4,0.210793943,-0.002509289,0.328711539,0.147737608
Gene.449,4,-0.112001254,0.130104316,0.922396321,0.166793681
Gene.450,4,0.154563696,0.20386086,0.870701119,0.090710693
Gene.451,4,-0.100325117,-0.233469691,0.434830634,0.311331996
Gene.452,4,-0.314995455,0.285227099,0.631508159,-0.108586801
Gene.453,4,-0.126391862,0.460563413,0.389331013,-0.300656581
Gene.454,4,-0.059180844,0.301395387,0.957307921,0.056585554
Gene.455,4,0.063714907,0.162511133,0.901104042,0.207485209
Gene.456,2,0.889818407,-0.279279495,0.05078715,0.180712256
Gene.457,3,-0.403982675,-0.030083448,-0.072825389,0.135228118
Gene.458,4,-0.283860089,0.465779894,0.720453048,-0.221070229
Gene.459,3,0.308140243,0.178014336,-0.198158072,-0.304475406
Gene.460,4,-0.321838107,0.413130655,0.41163706,-0.299901034
Gene.461,4,0.482944829,-0.342826227,0.43759412,0.526432187
Gene.462,4,-0.147643445,0.218792155,0.924292535,0.052222776
Gene.463,4,-0.05995722,0.42370962,0.906068839,-0.069945097
Gene.464,3,-0.067781237,-0.40265377,-0.000685298,0.161226367
Gene.465,1,0.132840814,-0.561463814,0.379066058,0.709270075
Gene.466,3,0.180765914,-0.284163061,0.004898828,-0.067797935
Gene.467,3,0.592149445,-0.589245035,0.158718766,0.693500995
Gene.468,4,-0.107256465,0.352453306,0.889301507,-0.048055027
Gene.469,4,-0.085851367,0.240249766,0.919642824,0.110824303
Gene.470,1,-0.105350293,0.688956837,0.502185971,-0.372713941
Gene.471,4,0.104064194,0.442319952,0.794994165,-0.215852336
Gene.472,4,0.000769427,0.263407533,0.931579813,-0.039042271
Gene.473,3,0.516586644,-0.259469653,0.032017582,0.30204492
Gene.474,4,0.234786297,-0.455171827,0.409649076,0.617680796
Gene.475,4,-0.177219441,0.636043241,0.856137599,-0.324626306
Gene.476,3,-0.144249897,-0.365499483,0.004477188,0.231503962
Gene.477,4,0.032000441,0.404382095,0.922620942,-0.030839474
Gene.478,4,-0.279819038,0.420353419,0.384728773,-0.130105851
Gene.479,4,-0.408528917,0.306414506,0.507127898,0.005376331
Gene.480,4,-0.021050683,0.574253673,0.497986798,-0.573291416
Gene.481,4,-0.126450988,0.269711596,0.804345054,-0.036827089
Gene.482,4,-0.221147998,0.257274081,0.871281147,-0.031268938
Gene.483,4,0.128106981,0.130887744,0.781701904,0.197446018
Gene.484,4,0.337790446,-0.066955689,0.773691546,0.293123902
Gene.485,1,-0.563800592,0.599224241,0.105022079,-0.442305517
Gene.486,3,0.25167011,-0.593591297,0.297034185,0.843296708
Gene.487,3,-0.543658542,0.39053684,-0.162905032,-0.594947274
Gene.488,1,-0.222824427,0.814572554,0.257157639,-0.54557947
Gene.489,3,0.384874237,-0.062351558,-0.141244473,0.020462186
Gene.490,1,0.0585432,0.51899751,0.35512827,-0.320686927
Gene.491,4,-0.073785921,0.249103008,0.939112938,-0.04423377
Gene.492,3,-0.059106759,0.103224036,0.258284888,-0.01199741
Gene.493,4,-0.010999289,0.223707123,0.868053137,-0.015925091
Gene.494,1,-0.511125987,0.798309254,0.221507113,-0.715486397
Gene.495,4,0.00977217,0.304287633,0.985499852,-0.004109546
Gene.496,3,0.133488359,-0.564319321,-0.156280315,0.603158041
Gene.497,3,-0.155263439,-0.52877117,0.040450731,0.342991307
Gene.498,4,-0.16700322,0.290980376,0.932188624,0.022931117
Gene.499,4,-0.15393086,0.508601195,0.46591496,-0.647390122
Gene.500,4,-0.087448758,0.364374727,0.854193307,-0.249355453
Gene.501,4,-0.007695231,0.165056669,0.957012351,0.076344009
Gene.502,4,-0.079886499,0.268131951,0.876956566,0.047514648
Gene.503,4,-0.084327215,0.123819379,0.666559898,-0.046443961
Gene.504,4,-0.076392299,0.316833331,0.788172142,0.033170131
Gene.505,2,0.625509156,-0.607790014,0.200528688,0.807305305
Gene.506,4,-0.184375131,0.282806912,0.881646664,0.038861055
Gene.507,4,0.007532917,0.461356071,0.412985528,-0.530708294
Gene.508,4,-0.35188004,0.726652433,0.613005082,-0.413063104
Gene.509,4,0.252529505,-0.053352341,0.843683195,0.346582397
Gene.510,1,-0.255468102,0.72474752,0.3647667,-0.396460632
Gene.511,4,-0.202372832,0.33217029,0.86192241,-0.016925607
Gene.512,4,0.051041396,-0.026765045,0.345477744,0.183812157
Gene.513,1,0.256338832,-0.781766146,-0.349488922,0.756404363
Gene.514,4,0.060733315,0.239364794,0.940055154,-0.062427544
Gene.515,4,-0.141631834,0.396523444,0.879148265,-0.050942038
Gene.516,1,-0.454894088,0.882326283,0.2265398,-0.697993313
Gene.517,4,0.132967211,0.336528046,0.669494621,-0.076235596
Gene.518,4,-0.242305174,0.546702144,0.581523575,-0.25180282
Gene.519,4,-0.379810565,0.244524485,0.610510474,-0.055086559
Gene.520,4,0.290397481,-0.242230545,-0.333182771,0.043756234
Gene.521,3,-0.472953652,0.427691354,-0.13143795,-0.647170432
Gene.522,1,0.530513466,-0.790470637,-0.39356418,0.633149129
Gene.523,4,0.002998465,0.320420375,0.946726553,0.037634315
Gene.524,2,0.880167232,-0.301486742,-0.137098981,0.302677382
Gene.525,3,0.432576427,-0.659811231,0.033132523,0.742859686
Gene.526,1,-0.371502655,0.780516278,0.346788743,-0.536682927
Gene.527,4,0.090091672,0.240167727,0.964251027,0.089337562
Gene.528,4,0.06940151,0.118413059,0.887625129,0.101110787
Gene.529,4,0.007218492,0.285841669,0.987365774,0.036537722
Gene.530,4,-0.044175542,0.329124455,0.83083438,-0.058129315
Gene.531,4,0.019194954,0.162318817,0.928493772,0.139251191
Gene.532,4,0.023358865,0.268409847,0.730819471,-0.04233769
Gene.533,3,-0.195718244,0.624762129,0.21461005,-0.546699413
Gene.534,4,-0.049378281,0.27507727,0.938931667,-0.032625522
Gene.535,4,0.197457252,-0.095989028,0.834737984,0.213815305
Gene.536,4,-0.239325959,0.499992825,0.712504358,-0.276040257
Gene.537,1,-0.508751478,0.884569056,0.353865409,-0.619588369
Gene.538,1,-0.026369974,-0.495538753,0.129245279,0.588489488
Gene.539,4,0.418563418,-0.526673155,0.484444343,0.769545672
Gene.540,4,-0.051012045,0.236200207,0.62701046,0.081858071
Gene.541,2,0.764491186,-0.115536271,-0.271148922,0.058654362
Gene.542,4,0.070325166,0.042225527,0.894504966,0.182453248
Gene.543,3,-0.014833802,0.219945176,-0.254545831,-0.411816407
Gene.544,4,0.188365501,0.22328245,0.933307331,0.05795627
Gene.545,4,0.17988652,0.155623107,0.955155461,0.180806005
Gene.546,4,-0.196672516,0.382223002,0.90699485,-0.048810516
Gene.547,4,-0.36235876,0.529130545,0.637075509,-0.26812372
Gene.548,2,0.671905302,-0.531334282,0.264050373,0.491229439
Gene.549,4,0.039430925,0.387028551,0.687953097,-0.092419908
Gene.550,4,0.039482396,0.275225898,0.955806014,0.061937692
Gene.551,4,-0.004354793,-0.062241487,0.624958338,0.081296744
Gene.552,4,0.061073725,0.314940516,0.947911,-0.068696933
Gene.553,3,0.518283166,-0.191918366,-0.158934596,0.092894885
Gene.554,4,0.135748385,0.304332544,0.884314208,0.041890296
Gene.555,4,0.067627565,0.069066726,0.879855968,0.18113737
Gene.556,3,-0.150662586,0.389522759,0.140163354,-0.031931658
Gene.557,4,0.090316465,0.469527218,0.870354601,-0.133103601
Gene.558,4,-0.257530986,0.018546969,0.706061625,0.301379996
Gene.559,3,0.294920555,0.208326424,0.153736609,-0.152563809
Gene.560,4,-0.135313127,0.136027276,0.763053849,0.053380871
Gene.561,4,0.055680039,0.254723335,0.908469815,0.044159388
Gene.562,4,0.016085989,0.258337101,0.909166065,-0.065827167
Gene.563,1,-0.364990237,0.742636486,0.465787149,-0.394021517
Gene.564,1,-0.106464706,0.722923537,0.673845428,-0.410515967
Gene.565,4,-0.147738402,0.407221873,0.759385091,-0.173236723
Gene.566,4,-0.014899754,0.403701067,0.937955571,-0.149617037
Gene.567,4,0.062870536,0.055541021,0.515523306,0.018673746
Gene.568,4,-0.113742767,0.29893102,0.862588614,0.019780698
Gene.569,3,0.119310947,0.058492649,-0.074579787,0.134484231
Gene.570,3,0.387752621,-0.356224816,0.21370778,0.560930703
Gene.571,4,0.086384607,0.042348378,0.727068887,0.333851183
Gene.572,4,0.219590874,0.004877269,0.902360883,0.262508337
Gene.573,4,-0.220772101,0.791896798,0.670960815,-0.529755505
Gene.574,4,-0.043811229,0.506067568,0.849191247,-0.161434478
Gene.575,4,0.01428697,0.37674575,0.542607334,-0.286683031
Gene.576,1,-0.09942324,0.436330093,0.350512199,-0.024285443
Gene.577,1,0.004619051,0.613757085,0.433766842,-0.298249539
Gene.578,4,-0.047019485,0.211205363,0.972661561,0.105001214
Gene.579,2,0.684671754,-0.553003692,0.1656254,0.683816805
Gene.580,4,-0.003587774,0.109738479,0.900578734,0.033013112
Gene.581,4,0.265170656,0.253623522,0.471709737,-0.168588298
Gene.582,4,0.324408249,-0.084878818,0.63099674,0.242251254
Gene.583,4,-0.011101488,0.132639643,0.911713515,0.139145296
Gene.584,4,0.038858398,0.11235178,0.941924604,0.185451334
Gene.585,4,0.024005735,0.062261268,0.866784548,0.134812606
Gene.586,4,0.050459274,0.323214762,0.943664987,-0.058103446
Gene.587,4,-0.016711041,0.285463566,0.943358808,0.008172455
Gene.588,2,0.708697713,-0.597776506,-0.127370368,0.621728065
Gene.589,4,-0.158292639,0.628789998,0.84737473,-0.259019882
Gene.590,4,0.010818574,0.341372303,0.965927512,-0.048236441
Gene.591,1,-0.257041232,0.785276498,0.249308321,-0.375143748
Gene.592,4,-0.279646139,0.543658115,0.846009501,-0.171981141
Gene.593,3,0.120283985,-0.597758058,0.133208735,0.762440998
Gene.594,4,0.139795041,0.172834532,0.714516313,-0.065108373
Gene.595,4,0.045604513,-0.118548491,0.714766025,0.409794912
Gene.596,4,0.23476084,0.109662898,0.851766414,0.184825092
Gene.597,4,0.06734692,0.05946732,0.913628501,0.211268352
Gene.598,4,-0.090058184,0.256254596,-0.334354392,-0.344681063
Gene.599,4,-0.105262618,0.072737358,0.821604369,0.209023973
Gene.600,4,0.486752692,-0.255196351,0.464856605,0.299066356
Gene.601,4,-0.071413247,0.480294789,0.756792998,-0.246544848
Gene.602,4,0.139597355,0.135798495,0.764630184,0.129059465
Gene.603,2,0.826690624,-0.658793922,0.100675894,0.616382228
Gene.604,4,-0.015920373,0.209213778,0.899042144,0.135469635
Gene.605,1,-0.406962588,0.643921459,-0.139537422,-0.700545511
Gene.606,4,-0.153146526,0.267790727,0.369698283,-0.014338503
Gene.607,1,0.008647232,0.698540486,-0.104027287,-0.649549524
Gene.608,4,0.265788151,-0.208285473,0.712912821,0.256169108
Gene.609,4,-0.037772352,0.207371308,0.854116046,0.21687945
Gene.610,4,-0.205706234,0.240002923,0.786582206,0.033840888
Gene.611,4,0.252011425,0.29685128,0.591880163,-0.077901915
Gene.612,4,-0.053369646,0.312415694,0.964963778,0.043224247
Gene.613,4,-0.247376929,0.152588645,0.866963159,0.166697051
Gene.614,4,0.088145357,0.260380609,0.853076465,0.056411199
Gene.615,1,-0.30370177,0.759825262,0.303831725,-0.472126862
Gene.616,3,0.022415742,0.516283926,0.160312822,-0.698567034
Gene.617,4,0.163788226,0.234643615,0.942905555,0.127916421
Gene.618,3,0.240108296,-0.472226778,0.241460657,0.510817572
Gene.619,4,-0.133708131,-0.123386451,0.335271712,0.382159794
Gene.620,4,-0.025793835,0.26680318,0.978312445,0.03288387
Gene.621,4,-0.297575821,0.648190127,0.793715149,-0.474953475
Gene.622,4,0.324171484,-0.263948895,0.571787524,0.384595445
Gene.623,4,0.04702214,0.355884361,0.960103115,0.007122439
Gene.624,1,0.273756319,-0.71488343,0.272404488,0.82276309
Gene.625,4,-0.21506747,0.551746313,0.896330904,-0.27005577
Gene.626,4,-0.025626571,0.084667416,0.816594191,0.250510734
Gene.627,4,-0.060013519,0.000277295,0.596763537,0.167736074
Gene.628,2,0.860731651,-0.425456758,-0.128167054,0.203367677
Gene.629,3,0.371368997,-0.522948645,0.290569073,0.729712771
Gene.630,4,-0.063181094,0.30629541,0.818246599,0.043203389
Gene.631,4,0.472960054,-0.242433651,0.420128793,0.148774738
Gene.632,1,0.58299374,-0.806046024,-0.128841383,0.795412507
Gene.633,4,0.18593814,0.310484622,0.907047489,0.038590141
Gene.634,4,-0.109341542,0.396656729,0.946823055,-0.147696505
Gene.635,1,-0.276416443,0.489052267,-0.120497749,-0.596423534
Gene.636,4,0.142933713,0.126827189,0.778331383,0.062600583
Gene.637,1,-0.305878433,0.858359229,0.032912534,-0.743208114
Gene.638,4,0.445723514,-0.270895528,0.560308284,0.465611348
Gene.639,4,0.005449875,0.427142675,0.844335313,-0.22270632
Gene.640,3,0.33070906,-0.271418714,-0.092643996,0.22707547
Gene.641,4,-0.190417819,0.271744239,0.851012795,-0.101046721
Gene.642,4,0.12300641,0.182725697,0.9739875,0.103393218
Gene.643,4,0.079922287,0.047555989,0.950389499,0.244619667
Gene.644,4,0.569456639,-0.17898751,0.509303511,0.214383617
Gene.645,4,0.299966848,0.097918848,0.861227599,0.260229448
Gene.646,4,-0.065020994,0.520195944,0.901652717,-0.164272621
Gene.647,4,-0.124075281,0.070643993,0.839141116,0.324617076
Gene.648,4,-0.150470649,0.099052793,0.8049958,0.175115075
Gene.649,4,0.155098187,0.152400476,0.949357574,0.175332045
Gene.650,3,0.156489251,-0.522059877,-0.08938399,0.562445944
Gene.651,1,0.200663758,-0.683484144,0.029820437,0.755921067
Gene.652,3,0.371327222,-0.098754854,0.253753155,0.177837853
Gene.653,4,-0.097580047,0.303372956,0.899665053,-0.106666187
Gene.654,4,0.010931215,0.098047963,0.884739235,0.122448339
Gene.655,4,-0.088131792,0.530271142,0.732222567,-0.166687164
Gene.656,4,-0.442528177,0.354436933,0.453729554,-0.270853996
Gene.657,3,0.483000861,-0.155437828,-0.096619135,0.082889464
Gene.658,3,0.006699311,0.493248179,-0.029279869,-0.559929053
Gene.659,4,0.045929423,0.224301109,0.873558024,-0.074752486
Gene.660,3,0.085619394,-0.111938527,-0.005340623,-0.152040005
Gene.661,4,0.030634719,0.127595496,0.913375484,0.097839116
Gene.662,3,0.422282743,-0.260262456,0.365041301,0.549032305
Gene.663,3,-0.000452991,0.183364677,-0.062933713,-0.310912105
Gene.664,4,0.048373393,0.34379235,0.89940552,-0.137746074
Gene.665,4,0.004913638,-0.155896258,0.667483352,0.554575448
Gene.666,4,-0.0226791,0.422880412,0.557705523,-0.385221494
Gene.667,4,-0.056521762,0.565595663,0.892773527,-0.249714791
Gene.668,3,0.207047704,-0.220568417,0.285845576,0.476261274
Gene.669,4,0.115470166,-0.238702171,0.413525067,0.554333953
Gene.670,4,0.165725719,0.153402951,0.928336082,0.15809014
Gene.671,1,-0.125373455,0.835064163,0.570448611,-0.448501874
Gene.672,4,-0.022425554,0.413617516,0.877839634,-0.248992928
Gene.673,4,0.230687827,0.298072038,0.752566075,-0.108106128
Gene.674,1,-0.17679143,0.590200345,0.032074439,-0.755663826
Gene.675,4,0.073192434,0.230666568,0.958736611,0.028740455
Gene.676,3,0.193441487,-0.596957097,0.365473032,0.810216292
Gene.677,4,0.288645527,0.236779711,0.805751113,0.059918609
Gene.678,4,0.099859009,0.250366532,0.787252765,0.196836976
Gene.679,3,-0.202452983,0.287271486,0.110417973,-0.416545093
Gene.680,4,0.424329691,0.036973912,0.718505752,0.2033925
Gene.681,4,-0.232277498,0.232438539,0.54150177,-0.148248784
Gene.682,1,-0.297526521,0.85516464,0.368183932,-0.73021046
Gene.683,3,-0.056839169,-0.087026608,-0.090427183,0.248414785
Gene.684,4,-0.18305257,0.337045656,0.356641367,-0.506664415
Gene.685,1,-0.29830141,0.704106355,-0.193991184,-0.710237345
Gene.686,4,0.079442205,0.379645666,0.4334745,-0.027976323
Gene.687,4,0.298887231,0.005386381,0.862030599,0.242380161
Gene.688,4,-0.254801864,0.344428353,0.71376431,0.005261768
Gene.689,4,0.126338835,0.26120744,0.93339932,0.086195986
Gene.690,4,0.147413572,0.320773912,0.499809479,-0.26662896
Gene.691,3,0.340764683,-0.658091375,-0.04947592,0.656286023
Gene.692,3,0.362539557,-0.526810338,-0.030399586,0.719579632
Gene.693,4,0.116033167,0.179339132,0.805291063,-0.082421837
Gene.694,4,-0.088981607,0.400881934,0.949055934,-0.114931777
Gene.695,4,0.060628994,0.279232733,0.935910556,-0.037059944
Gene.696,4,0.107023265,-0.087905071,-0.323344659,-0.340152994
Gene.697,2,-0.762793241,0.593840841,0.288319265,-0.572321246
Gene.698,4,0.164191731,-0.085109686,0.525247892,0.047928741
Gene.699,4,0.385417174,-0.092453517,0.53185171,0.164649084
Gene.700,4,0.195526877,0.05524436,0.806570942,0.107018988
Gene.701,4,-0.403994394,0.160630526,0.564017975,-0.145952103
Gene.702,4,-0.059153142,0.116553375,0.642654661,0.126601728
Gene.703,4,-0.059609667,0.346472041,0.906788102,-0.025406241
Gene.704,3,0.129162471,-0.621963375,0.168297442,0.536657329
Gene.705,4,-0.018480232,0.223008376,0.968163684,0.079420626
Gene.706,4,-0.015588605,0.229914712,0.968602786,0.063876364
Gene.707,4,-0.317518535,0.325570897,0.75381987,-0.134025488
Gene.708,4,0.162676517,0.370095076,0.636316237,-0.085249077
Gene.709,4,0.082660107,0.108721432,0.852823642,0.058643038
Gene.710,4,0.018958741,0.271646482,0.956513357,0.024131711
Gene.711,4,-0.262756533,0.429279301,0.864524235,-0.116481552
Gene.712,1,-0.17862447,0.843365562,0.538624241,-0.529941058
Gene.713,2,0.87640161,-0.555714734,0.104956391,0.56105819
Gene.714,3,0.435639444,-0.209479,-0.28059927,0.119188615
Gene.715,4,-0.146556468,0.490854694,0.640700724,-0.138564661
Gene.716,4,0.191042089,0.152310375,0.58299978,0.057361078
Gene.717,4,-0.06246247,0.286248334,0.647541553,-0.034198018
Gene.718,3,-0.24082273,0.50173328,0.209972485,-0.276110509
Gene.719,4,-0.084987522,0.337169892,0.958776633,-0.058783714
Gene.720,3,0.130382049,-0.567683415,0.045812993,0.612593937
Gene.721,3,-0.219014005,-0.133973293,0.206859563,0.300202778
Gene.722,3,-0.373758285,0.183669225,-0.085221638,-0.109339002
Gene.723,4,-0.034630308,-0.132874708,0.733807878,0.335138488
Gene.724,4,-0.225799816,0.271303391,0.849114252,0.113008961
Gene.725,4,0.022730456,0.37410904,0.970360964,-0.07359515
Gene.726,4,-0.026006827,0.241411176,0.870807222,0.036068081
Gene.727,1,-0.594733267,0.795869183,0.40345695,-0.463820628
Gene.728,4,0.330998316,0.201050105,0.849321419,-0.026237173
Gene.729,1,0.129389045,-0.54308485,0.393081843,0.754804273
Gene.730,4,-0.04353093,0.264821931,0.905110668,-0.025770872
Gene.731,4,-0.10388382,0.32846364,0.919864026,0.010864431
Gene.732,4,-0.043788711,0.029028557,0.673186022,0.196524308
Gene.733,3,0.3026838,-0.586049209,-0.213625528,0.32913546
Gene.734,4,0.009119267,0.512116123,0.839289145,-0.281400283
Gene.735,4,0.153752868,-0.009028802,0.315879982,0.097853551
Gene.736,4,0.030136273,-0.094419694,0.537127075,0.329879257
Gene.737,4,-0.149148281,0.220213122,0.765592976,0.019961833
Gene.738,2,0.654210189,-0.065028932,-0.036086355,-0.011594748
Gene.739,4,-0.275222292,0.423855352,0.795391165,-0.228293246
Gene.740,4,0.368211887,0.161409636,0.68009919,0.129320364
Gene.741,1,-0.338304723,0.81552715,-0.171199137,-0.785499158
Gene.742,4,-0.025204923,0.654477852,0.757127498,-0.31571689
Gene.743,4,-0.140106881,0.148401559,0.604209204,-0.065516893
Gene.744,4,-0.095982994,0.139723259,0.717610719,0.151235843
Gene.745,4,0.071106301,0.199759675,0.919611716,0.08305856
Gene.746,4,0.168681499,-0.018284424,0.904720568,0.227532485
Gene.747,4,-0.009776084,0.227975777,0.944999335,0.006263092
Gene.748,4,0.142651916,0.001064088,0.712025554,0.238975605
Gene.749,3,-0.078277894,-0.341628958,0.26054407,0.31931391
Gene.750,4,-0.047176215,0.497358507,0.947418942,-0.177656942
Gene.751,3,-0.045982519,0.381479185,0.049595638,-0.320922172
Gene.752,3,-0.464415898,0.483826208,0.289084656,-0.445771092
Gene.753,4,-0.466909483,0.44539878,-0.436913015,-0.344848349
Gene.754,4,-0.0735288,0.10322686,0.648784443,0.14641779
Gene.755,1,-0.36665284,0.776674878,0.169419029,-0.472225755
Gene.756,2,0.658878935,-0.168609347,0.168708506,0.100418646
Gene.757,4,-0.137108738,0.395727665,0.71276632,-0.166795808
Gene.758,4,0.122151455,0.154108536,0.957338822,0.131028447
Gene.759,4,-0.281753882,0.362090047,0.661137768,-0.073057976
Gene.760,4,0.600585279,-0.564949629,-0.546245851,0.394899367
Gene.761,4,0.079887088,0.329324526,0.74727114,-0.015762862
Gene.762,4,0.024877316,-0.14306086,0.790431382,0.42439981
Gene.763,2,0.912081807,-0.459496728,-0.086494055,0.330700062
Gene.764,4,0.160121098,0.434756511,0.901246029,-0.097460552
Gene.765,3,-0.050506001,0.078585752,0.312009652,-0.054067366
Gene.766,3,0.180900879,-0.436201432,0.419354963,0.665129417
Gene.767,3,0.205071672,-0.365493268,0.175054341,0.25410551
Gene.768,3,0.207060398,0.063181182,0.012040897,0.204681396
Gene.769,4,-0.18330253,0.655790697,0.842601439,-0.306283982
Gene.770,4,-0.124548044,0.680573361,0.535385293,-0.497572774
Gene.771,4,0.19730301,-0.032313529,0.918574535,0.308346686
Gene.772,4,-0.086095313,0.193240246,0.959614461,0.147268654
Gene.773,4,-0.042848157,-0.038501096,0.839042368,0.242889753
Gene.774,4,-0.320587373,0.745787223,0.472229625,-0.447735108
Gene.775,1,0.309262868,-0.70861502,-0.669220089,0.42027679
Gene.776,4,0.048710018,0.043472166,0.8312926,0.197318252
Gene.777,4,-0.109536712,0.228179691,0.920177132,0.102711089
Gene.778,4,0.261497399,-0.507590769,-0.560421772,0.20308325
Gene.779,1,0.464739436,-0.789463715,-0.170894045,0.595512216
Gene.780,3,-0.26939999,-0.277172888,0.201722704,0.553260217
Gene.781,4,0.057499123,0.530153743,0.557970199,-0.348905711
Gene.782,2,0.534789556,0.086805698,0.12011624,-0.088378819
Gene.783,4,0.035051938,0.323022467,0.87417303,-0.019169774
Gene.784,4,0.033750153,0.451674307,0.892228131,-0.204503709
Gene.785,4,0.051513141,0.142814272,0.885807437,0.160870232
Gene.786,4,-0.029204305,0.342676061,0.562183876,-0.247398706
Gene.787,2,0.882735298,-0.309837823,0.087495833,0.28613637
Gene.788,4,0.124712948,0.224734542,0.925779426,0.025421287
Gene.789,4,-0.101128554,-0.121596764,0.320332753,0.268973121
Gene.790,4,0.044045488,0.277795974,0.967365509,0.042730941
Gene.791,4,0.077709878,-0.028940626,0.895054874,0.278527126
Gene.792,4,-0.056331893,0.275215454,0.806103681,-0.037122579
Gene.793,4,-0.071363219,0.148438318,0.954835609,0.109371234
Gene.794,4,-0.134620409,0.244550941,0.958912638,0.072451097
Gene.795,4,0.126631107,0.365826487,0.867824818,-0.209675636
Gene.796,4,0.206396689,0.284727353,0.561384072,-0.159652529
Gene.797,4,-0.049078935,0.181194382,0.944784811,0.089728545
Gene.798,3,-0.145945509,0.000978679,-0.258890904,-0.125640184
Gene.799,4,0.236826444,0.115634478,0.920212433,0.07980253
Gene.800,4,0.081322015,0.275610899,0.949358657,0.131236945
Gene.801,3,-0.265192431,-0.144387858,-0.117373706,-0.207642886
Gene.802,3,-0.397842828,0.479785152,0.070004449,-0.502089704
Gene.803,4,0.208563764,0.116398774,0.918492289,0.090678783
Gene.804,2,0.818795082,-0.451444767,0.26761348,0.580021935
Gene.805,4,-0.057960198,0.201911951,0.896994314,0.06763466
Gene.806,4,-0.248412174,0.517483956,0.678943976,-0.201273587
Gene.807,4,0.11112498,0.333779892,0.923477987,-0.015803283
Gene.808,4,0.030903012,0.296547684,0.96887707,-0.025747815
Gene.809,3,-0.068274379,0.329500525,0.290231557,0.055234287
Gene.810,3,0.253595208,0.021573766,-0.090482737,-0.126946248
Gene.811,2,0.882050954,-0.241043811,0.050371105,0.161210988
Gene.812,4,0.045173612,-0.027363904,0.367362884,-0.041744516
Gene.813,4,0.106941334,0.281773795,0.895783233,0.034767082
Gene.814,4,-0.391254698,0.377053936,0.556627805,-0.337866389
Gene.815,4,0.342906192,-0.335180023,0.387481234,0.256448147
Gene.816,1,-0.241255743,0.524535629,-0.257180551,-0.736980822
Gene.817,4,0.047214772,0.246537403,0.876620928,0.083779035
Gene.818,4,-0.525841427,0.26794667,0.716257839,-0.075801561
Gene.819,3,0.426440749,-0.641190239,-0.359313789,0.677397201
Gene.820,4,0.125809045,0.432380709,0.871960667,-0.126133958
Gene.821,3,-0.274294597,0.35836711,-0.040590372,-0.190219513
Gene.822,4,0.135023754,0.20728785,0.656797229,-0.095051003
Gene.823,4,-0.086425313,0.171717207,0.834411928,0.23453502
Gene.824,4,0.11453814,0.107238712,0.806846483,0.016796994
Gene.825,4,0.002061547,0.03718343,0.848817121,0.254015141
Gene.826,4,-0.098469101,0.347505246,0.910373373,-0.017223741
Gene.827,4,0.102760738,-0.012023018,0.899947263,0.334638599
Gene.828,4,0.038879422,0.270093036,0.876954662,-0.038579873
Gene.829,4,-0.351854998,0.637262949,0.67630063,-0.418363725
Gene.830,1,-0.173533195,0.731091702,0.12625121,-0.376013997
Gene.831,1,-0.478907828,0.778327186,0.279609343,-0.541620221
Gene.832,4,-0.048498498,0.181388211,0.899502405,0.150214194
Gene.833,4,-0.022505112,0.491840057,0.920460092,-0.166842791
Gene.834,4,-0.0207058,0.105008755,0.894549197,0.203774895
Gene.835,1,-0.325885862,0.555713508,-0.085678092,-0.592377128
Gene.836,4,0.060792296,0.185018104,0.965157157,0.213732426
Gene.837,4,0.004011268,0.149061774,0.913914864,0.144152634
Gene.838,4,-0.184870254,0.34230849,0.746300723,-0.094316788
Gene.839,4,0.235653022,0.170642958,0.908729033,0.069155969
Gene.840,4,0.159832363,0.01889621,0.892373131,0.261537513
Gene.841,4,0.33822813,0.163463209,0.402057001,0.031590504
Gene.842,3,-0.045957619,-0.263768223,-0.171536626,0.107296442
Gene.843,4,0.244426331,0.189604535,0.885624931,0.046946344
Gene.844,4,0.016245966,0.317755732,0.85767203,-0.10246252
Gene.845,3,0.012358979,0.27444003,0.066921231,-0.492538452
Gene.846,4,0.094108304,0.165833741,0.971813828,0.142463955
Gene.847,4,0.162868576,0.173449331,0.937054454,0.176824383
Gene.848,4,0.072566355,0.015900005,0.941592121,0.251906222
Gene.849,4,-0.003279153,0.307815839,0.865906109,-0.099281895
Gene.850,4,0.048090211,0.159301965,0.961429396,0.151924206
Gene.851,4,0.051760918,0.010926151,-0.410101754,-0.070512674
Gene.852,4,-0.031954439,0.122089061,0.932595844,0.112646039
Gene.853,4,-0.03577258,0.292989916,0.933283313,0.024342552
Gene.854,4,-0.129793419,0.087191873,0.899727657,0.16508299
Gene.855,3,0.359356646,-0.441313705,-0.099017697,0.382187587
Gene.856,4,0.300600762,0.029441736,0.868682087,0.243246165
Gene.857,4,0.007413986,0.278347615,0.894397362,0.056092819
Gene.858,4,-0.269670731,0.251974683,0.663659303,-0.148339936
Gene.859,4,0.035227661,-0.023272906,0.663338404,0.302481086
Gene.860,4,-0.057389419,0.278443626,0.9144514,-0.020230429
Gene.861,1,-0.214828688,0.708513581,0.52041054,-0.360382881
Gene.862,4,-0.363846926,0.549248476,0.618980138,-0.153982841
Gene.863,3,-0.218670616,0.548122392,-0.115918279,-0.645224018
Gene.864,4,-0.136131579,0.408382563,0.65374593,-0.133494529
Gene.865,4,0.320871523,-0.082316425,0.533137187,0.075235231
Gene.866,3,0.384944332,-0.384244556,0.205823125,0.573905166
Gene.867,4,-0.048498394,0.300170291,0.979844364,-0.000503605
Gene.868,4,0.128713347,0.224763449,0.92054497,0.039263004
Gene.869,3,-0.169408372,0.260241425,-0.230707865,-0.594302389
Gene.870,4,0.227047105,-0.177283246,0.587796348,0.461746386
Gene.871,1,-0.392934297,0.717115855,0.094358356,-0.614945551
Gene.872,3,0.483700621,-0.653631978,-0.167443671,0.685543007
Gene.873,3,0.088074756,-0.094856782,0.12417324,0.083068653
Gene.874,4,0.092596607,-0.104758232,0.742551809,0.383942543
Gene.875,4,0.475727954,-0.289818168,0.664243743,0.353639815
Gene.876,4,0.283105414,-0.05728421,0.831690115,0.412896268
Gene.877,4,-0.178128863,0.075708838,0.796532408,0.075662585
Gene.878,4,-0.144086347,0.178256767,0.788548399,-0.020812185
Gene.879,4,0.08283432,0.363881054,0.902708802,-0.05273861
Gene.880,3,-0.434985839,-0.193703743,-0.108894856,0.234838949
Gene.881,4,-0.355075852,0.320657776,0.6824776,-0.091953831
Gene.882,4,-0.235355543,0.50064049,0.710721266,-0.0925417
Gene.883,4,-0.004806265,0.333319975,0.967472039,0.013506583
Gene.884,3,0.564844684,-0.208749591,-0.097147161,0.247520652
Gene.885,4,-0.11786381,0.187920748,0.778560209,0.101909552
Gene.886,4,-0.166847236,0.503365442,0.838487857,-0.263426385
Gene.887,3,-0.380965641,0.353830939,0.192342089,-0.180931556
Gene.888,4,0.177644328,-0.324330981,0.64279959,0.519287305
Gene.889,3,0.24334018,-0.577426856,0.235349899,0.442962856
Gene.890,2,0.564302783,0.157873332,-0.047324403,-0.3035027
Gene.891,4,-0.260467151,0.207557131,0.866911771,0.151955695
Gene.892,4,0.156289695,0.060691881,0.953601178,0.231246334
Gene.893,4,0.076475567,0.113371842,0.890094179,0.0445769
Gene.894,4,0.126861557,-0.254458243,0.323309767,0.350918458
Gene.895,3,-0.08627519,0.238039586,0.056417497,-0.121515385
Gene.896,4,-0.077213871,0.364940492,0.866536,-0.219190485
Gene.897,4,0.021862674,0.202917064,0.9096474,0.034910489
Gene.898,3,0.167983835,-0.158540557,0.257849424,0.329203542
Gene.899,4,0.098509096,-0.04476267,0.883730112,0.30665575
Gene.900,4,0.195244274,-0.403265054,0.32420851,0.529037073
Gene.901,4,0.035360508,0.223536267,0.488074145,0.031889336
Gene.902,4,0.066016771,0.188500357,0.69331243,0.150423258
Gene.903,4,-0.099881597,0.346617698,0.920791921,0.025529979
Gene.904,4,0.002220762,0.073059016,0.895778635,0.194172841
Gene.905,4,0.082353393,0.223000208,0.693055529,0.067138705
Gene.906,4,0.114480097,0.007594583,0.533612339,0.096136575
Gene.907,4,-0.059999456,0.363948408,0.909570522,-0.066999019
Gene.908,4,0.094337829,0.167518013,0.961297264,0.11833558
Gene.909,4,0.312692885,-0.656590554,-0.458839932,0.45402055
Gene.910,4,0.260901731,0.139516227,0.716921128,-0.037880119
Gene.911,3,0.158517505,-0.139745846,0.21836145,0.464831333
Gene.912,4,0.28151648,0.209836459,0.808708971,-0.040558858
Gene.913,4,0.124184053,0.215802534,0.841153472,0.059978724
Gene.914,4,0.095233864,0.120404831,0.706474257,0.043828993
Gene.915,2,0.583112062,-0.43661114,-0.057541302,0.232145933
Gene.916,4,0.035685849,0.354153355,0.975356962,-0.019565844
Gene.917,4,-0.2133265,0.531154306,0.909338197,-0.179960368
Gene.918,4,-0.025137352,0.151914646,0.954578413,0.048616867
Gene.919,4,-0.16131411,0.240332894,0.880860215,-0.07189938
Gene.920,3,0.42762007,-0.552154471,0.171242666,0.729965835
Gene.921,4,-0.090999142,0.418268912,0.971141077,-0.079496498
Gene.922,4,-0.235870435,0.625453932,0.774751963,-0.34767352
Gene.923,4,0.170591597,0.06084106,0.906221913,0.275029119
Gene.924,4,0.024670102,0.57646703,0.885116895,-0.246661731
Gene.925,4,-0.151546938,0.490624167,0.714449835,-0.251909409
Gene.926,4,-0.04281547,0.208014697,0.905662003,0.068283828
Gene.927,3,-0.425015113,0.406635183,0.25758943,-0.459044256
Gene.928,4,-0.351264044,0.395912485,0.765736912,-0.090237196
Gene.929,4,-0.40116599,0.587188173,0.692216288,-0.300064286
Gene.930,4,0.125010725,0.087638312,0.846457243,0.225428227
Gene.931,4,0.037573913,0.101735011,0.767376271,0.003334386
Gene.932,4,0.006348778,0.26800147,0.94510272,-0.062669749
Gene.933,4,-0.433494216,0.229188945,0.468183573,-0.060067816
Gene.934,1,-0.184276004,0.874453737,0.512383489,-0.515473828
Gene.935,4,0.029497787,0.121110823,0.925415425,0.18513506
Gene.936,3,-0.395995869,0.055376352,-0.176910099,0.08829321
Gene.937,3,-0.396621593,0.441661033,0.33144396,-0.172583067
Gene.938,4,-0.094422969,0.095471239,0.694912718,0.000491102
Gene.939,4,0.187880847,-0.241717775,0.647553079,0.500489247
Gene.940,4,-0.486062248,0.480450359,0.345095366,-0.430970081
Gene.941,4,-0.442552671,-0.01079252,0.385726034,-0.113545623
Gene.942,4,-0.267699299,0.399902958,0.752385574,-0.207547901
Gene.943,4,-0.046017849,-0.006579534,0.752476582,0.260592963
Gene.944,4,-0.03317702,0.463713111,0.682312539,-0.28132421
Gene.945,1,-0.238357541,0.674871434,-0.015023456,-0.760704609
Gene.946,4,-0.095094271,0.372862287,0.951012366,-0.133110316
Gene.947,2,0.93888004,-0.426589288,0.064222792,0.310674622
Gene.948,4,0.072287256,0.283873094,0.975535361,-0.001870102
Gene.949,3,-0.160320405,0.500545443,0.094650758,-0.180218807
Gene.950,4,-0.071969738,0.346840278,0.888930075,-0.105918881
Gene.951,3,-0.203776806,-0.285268894,0.25901041,0.350258976
Gene.952,4,-0.421791123,0.140251793,0.491999316,0.032469626
Gene.953,4,0.232281025,0.062498464,0.913774724,0.160772966
Gene.954,4,0.048170551,0.13974285,0.787639445,0.095544312
Gene.955,4,-0.016407893,0.204997056,0.701420976,-0.031361729
Gene.956,4,0.01136022,-0.003508801,0.80234335,0.3371475
Gene.957,4,0.23632042,-0.134378595,0.447319311,0.252995996
Gene.958,4,0.136417904,-0.073768131,0.734532558,0.27649943
Gene.959,3,-0.322711816,-0.178185866,-0.072952473,0.006650823
Gene.960,4,0.025970576,0.423124955,0.897702923,-0.120158463
Gene.961,4,0.118503983,0.157122829,0.867511829,0.130114547
Gene.962,4,-0.031111291,0.335197805,0.916323983,-0.08817507
Gene.963,4,0.114909493,0.174783912,0.966456153,0.138980848
Gene.964,4,0.118063887,0.219578991,0.927934125,0.033161007
Gene.965,4,-0.056076003,0.247220334,0.951165137,0.039975245
Gene.966,4,-0.070210545,0.258995854,0.858364116,-0.025306321
Gene.967,3,0.058189537,-0.233118709,-0.165688202,0.233325432
Gene.968,4,0.166572261,-0.048582389,0.885179198,0.291314193
Gene.969,4,0.026307142,0.08887418,0.822585488,0.219509639
Gene.970,4,0.127280754,0.129095412,0.639037033,-0.190922493
Gene.971,4,0.003128646,0.277238531,0.975927785,0.001640715
Gene.972,4,0.422148892,0.130439367,0.764591391,0.141675859
Gene.973,1,-0.349251878,0.633252141,0.400394838,-0.306722691
Gene.974,4,0.073297539,-0.085360319,0.758644663,0.276662931
Gene.975,4,-0.088443893,-0.106655331,0.492869501,0.425194908
Gene.976,4,-0.169391276,0.271127429,0.920919333,0.032377352
Gene.977,4,-0.258164497,0.409846088,0.848113612,-0.082567728
Gene.978,4,0.136791829,-0.055420124,0.818942591,0.277958981
Gene.979,3,0.200875923,-0.428816314,-0.223778275,0.362941289
Gene.980,4,0.23944991,0.230698884,0.790500274,0.114310356
Gene.981,3,0.013920817,-0.237087066,0.199448296,0.128312633
Gene.982,4,0.224584704,0.19799424,0.921456134,0.047916308
Gene.983,4,0.035273185,0.122916176,0.775958518,0.032921319
Gene.984,1,-0.098430627,0.784369774,0.308355489,-0.671667165
Gene.985,4,0.052418318,0.141109175,0.663467579,-0.120777816
Gene.986,1,-0.250913765,0.839049701,0.51288828,-0.427845499
Gene.987,4,0.08413257,-0.10133194,0.817670908,0.32056245
Gene.988,4,-0.236017337,0.208737304,0.820059664,0.08912501
Gene.989,4,0.065304095,0.098499532,0.929624407,0.165721013
Gene.990,4,-0.031759225,0.17381563,0.531014118,-0.161200331
Gene.991,1,0.311051686,-0.629591229,0.08891079,0.499769661
Gene.992,4,-0.239627049,0.507187407,0.775822713,-0.261484819
Gene.993,4,-0.386258809,0.026036362,-0.424148827,-0.067788583
Gene.994,3,-0.133559534,0.475408692,0.162655905,-0.614955359
Gene.995,4,-0.079267949,-0.138420227,0.457859528,0.567294378
Gene.996,4,0.217757825,0.123333789,0.852683143,0.12070489
Gene.997,4,0.025264834,0.199170557,0.961624456,0.131960084
Gene.998,4,0.245316711,-0.110313363,0.394603851,0.354217379
Gene.999,4,-0.12671106,-0.14538639,0.453007481,0.243468762
Gene.1000,3,-0.105057081,0.505938633,0.126614995,-0.404952218
Gene.1001,4,-0.171680893,0.477115862,0.870224102,-0.090879675
Gene.1002,4,-0.352065559,0.181500346,0.319653074,-0.102838909
Gene.1003,4,0.210277984,-0.288377055,0.549689354,0.408214616
Gene.1004,3,-0.458271648,0.444268352,0.109755154,-0.451270955
Gene.1005,3,-0.376233615,0.128151394,0.019386505,0.150872129
Gene.1006,4,-0.101233617,0.109427339,0.71002994,0.064902997
Gene.1007,4,-0.222942454,0.208516601,0.828430038,-0.057197531
Gene.1008,4,0.081530132,0.172703825,0.902261733,0.178424684
Gene.1009,4,0.295306886,-0.32484815,0.61324794,0.519305468
Gene.1010,4,-0.10970118,0.441592857,0.958595484,-0.109494458
Gene.1011,4,0.078397652,0.370269049,0.800888049,-0.247910093
Gene.1012,4,0.235438863,0.128918176,0.626113351,0.000592983
Gene.1013,3,-0.047939513,0.202412278,0.049394109,-0.094483719
Gene.1014,4,0.125149622,-0.292829358,-0.441680817,-0.112964919
Gene.1015,3,-0.335880403,0.367335956,0.096432767,-0.450258681
Gene.1016,3,-0.105370473,-0.1539437,-0.257935037,-0.078368014
Gene.1017,2,0.746126948,-0.422835325,0.519540611,0.592091966
Gene.1018,4,-0.118008493,0.413751378,0.570225489,-0.184595404
Gene.1019,4,0.200612908,0.095189282,0.956079482,0.175868728
Gene.1020,4,0.227018402,0.314097815,0.730814514,-0.136321535
Gene.1021,3,-0.449432623,0.557126406,-0.007139533,-0.59293669
Gene.1022,4,-0.014802172,0.090778998,0.79059559,0.22399836
Gene.1023,2,0.755131463,-0.086869167,-0.022535756,0.02501935
Gene.1024,3,0.060944668,-0.538021203,0.130253854,0.769548455
Gene.1025,1,-0.271258635,0.79037903,0.637675756,-0.4381882
Gene.1026,4,0.040170555,0.523535452,0.869024239,-0.151971929
Gene.1027,4,0.053925249,0.238692707,0.783538383,-0.044695504
Gene.1028,4,0.086102626,0.113080968,0.909497211,0.24109832
Gene.1029,4,0.019737692,0.332597107,0.956315355,0.038400423
Gene.1030,3,0.329211218,-0.358227931,-0.177697466,0.155072388
Gene.1031,4,-0.137032052,0.41673391,0.821024566,-0.121725063
Gene.1032,4,0.090416597,0.002105665,0.500283954,-0.04970108
Gene.1033,3,-0.219868856,0.546186621,0.350113556,-0.329990987
Gene.1034,4,0.051836072,0.334708794,0.938258341,-0.00355843
Gene.1035,4,-0.023449248,0.103491196,0.66345153,0.172345023
Gene.1036,4,-0.099020732,0.436461588,0.850889448,-0.191928038
Gene.1037,4,0.107338882,0.235950124,0.800801673,0.009894388
Gene.1038,4,-0.13409725,0.361148363,0.88722436,-0.100966479
Gene.1039,4,-0.294158281,0.259674175,0.673393321,-0.117271118
Gene.1040,3,-0.244753266,0.024251833,0.109199183,-0.035807957
Gene.1041,4,-0.186155618,0.347286682,0.955332314,-0.023690836
Gene.1042,4,-0.308437071,0.280039697,0.568281173,-0.011875758
Gene.1043,4,-0.148354566,-0.279321077,-0.338977365,0.232126991
Gene.1044,3,-0.278622479,-0.054722474,0.292752523,0.010347594
Gene.1045,4,-0.16160189,0.447551184,0.828341242,-0.209795552
Gene.1046,1,0.164382515,-0.694384322,-0.082577223,0.767502539
Gene.1047,1,0.523400619,-0.739031237,-0.113876626,0.655406321
Gene.1048,4,0.03739745,-0.201973816,0.528858516,0.212277511
Gene.1049,4,0.037732394,0.102855045,0.648409551,0.20671268
Gene.1050,4,-0.23780881,0.541225709,0.519053895,-0.426810344
Gene.1051,4,-0.118527276,0.397213014,0.936939133,-0.083301443
Gene.1052,4,0.320268428,0.136137036,0.877445093,0.16437864
Gene.1053,4,0.245206771,0.162446998,0.521709671,-0.00486469
Gene.1054,4,-0.369796934,0.2330035,0.561396264,-0.118111683
Gene.1055,4,0.165821162,0.347628832,0.639098551,0.061364142
Gene.1056,4,-0.225834946,0.378222612,0.535726833,-0.412307683
Gene.1057,4,-0.034786836,0.401625413,0.887645432,-0.175235666
Gene.1058,4,-0.061706169,0.349547365,0.877919915,-0.139281354
Gene.1059,4,-0.019710398,0.26825074,0.898119111,-0.015408756
Gene.1060,4,-0.261284628,0.355077534,0.389383161,-0.34598827
Gene.1061,4,-0.306349411,0.326485028,0.606337712,-0.23375218
Gene.1062,4,0.093470646,0.082603199,0.851391838,0.124452753
Gene.1063,4,0.263778484,-0.038338838,0.857177091,0.234561474
Gene.1064,4,0.113513583,0.093753257,0.963222512,0.178616577
Gene.1065,4,0.265665957,0.083280892,0.818455228,0.177085536
Gene.1066,4,0.086868541,0.166526371,0.97049578,0.118319014
Gene.1067,3,0.257248666,-0.088303998,-0.039422534,-0.116027573
Gene.1068,3,0.057444802,-0.173070471,-0.017138845,0.35749086
Gene.1069,3,-0.328169169,0.679331661,0.084496411,-0.783223614
Gene.1070,4,0.285979111,-0.190057775,0.822024577,0.38503009
Gene.1071,4,0.103499766,0.174002115,0.91659897,0.164959503
Gene.1072,1,0.366236412,-0.680259977,-0.285404873,0.399721911
Gene.1073,4,-0.008799261,0.195154009,0.948850269,0.181701984
Gene.1074,3,-0.39711101,0.147426778,0.26370636,0.118190723
Gene.1075,4,-0.11264283,0.065386104,0.882399329,0.231159371
Gene.1076,4,-0.019506986,0.059438757,0.884215099,0.256069421
Gene.1077,4,0.209919691,0.172686933,0.933480077,0.085226287
Gene.1078,4,-0.056852967,0.405396869,0.934048675,-0.012004524
Gene.1079,4,-0.046117136,0.295609125,0.927059234,0.025635469
Gene.1080,4,-0.016153132,0.102082432,0.377772573,0.036994966
Gene.1081,1,-0.188972303,0.750314422,0.441173199,-0.353060762
Gene.1082,4,0.172330489,0.126313531,0.922956405,0.251192958
Gene.1083,4,0.061952134,0.013947703,0.582538518,0.182038178
Gene.1084,4,0.024971955,0.286663736,0.965840093,-0.062284623
Gene.1085,4,0.002124992,0.254954522,0.908808166,0.153767021
Gene.1086,4,-0.01273697,0.353520906,0.630634668,-0.215947879
Gene.1087,4,0.092324465,0.493871303,0.597291624,-0.249465078
Gene.1088,4,-0.165816555,0.305863277,0.936628373,0.09614594
Gene.1089,3,0.292925077,-0.654034732,-0.203496951,0.758409471
Gene.1090,1,-0.43966876,0.71661953,0.47664325,-0.650835202
Gene.1091,4,0.103532644,0.14190502,0.951253182,0.21069713
Gene.1092,4,0.007305112,0.347870545,0.751885538,0.05312856
Gene.1093,3,-3.03E-05,-0.259597353,0.20356411,0.522578952
Gene.1094,4,-0.02271081,0.198264295,0.969357354,0.091919953
Gene.1095,4,-0.172675535,0.594168015,0.524421871,-0.398793552
Gene.1096,3,-0.489871776,0.123695792,0.362676104,0.020148545
Gene.1097,4,0.087023883,0.184856391,0.946976453,0.028831892
Gene.1098,4,0.040735512,-0.03196434,0.371829395,-0.170083453
Gene.1099,3,0.195138308,-0.499460387,0.266708275,0.643394599
Gene.1100,3,0.238268495,0.120095549,0.29258479,-0.121190813
Gene.1101,4,0.501344174,-0.519975522,0.474685589,0.680981832
Gene.1102,4,-0.079483024,0.327961449,0.853068465,-0.114483659
Gene.1103,4,-0.078278529,0.350701451,0.394950307,-0.092045925
Gene.1104,4,-0.066551309,0.361309471,0.537153627,-0.250834365
Gene.1105,4,0.073073262,-0.262169831,0.427387994,0.368388181
Gene.1106,4,-0.36218283,0.499774995,0.654491133,-0.157473831
Gene.1107,1,-0.45332671,0.727096137,-0.30750905,-0.657857992
Gene.1108,4,0.03599637,0.366451498,0.952678856,-0.02252946
Gene.1109,3,0.279649503,-0.455808193,-0.268591173,0.311411056
Gene.1110,4,-0.058803526,0.399471671,0.87931425,-0.075952763
Gene.1111,4,-0.024147138,0.259149865,0.857925418,0.045494869
Gene.1112,3,-0.135154045,0.321665752,-0.014419604,-0.325534936
Gene.1113,4,-0.168655867,0.367863232,0.817290906,-0.084231488
Gene.1114,3,0.349267928,-0.453505289,0.19475749,0.654245089
Gene.1115,4,0.031224069,0.097995454,0.942539032,0.249584161
Gene.1116,4,-0.089400578,0.512171857,0.718363785,-0.194123332
Gene.1117,4,-0.104218268,-0.017874387,0.720521857,0.102897729
Gene.1118,4,-0.040270503,0.290545724,0.424398463,-0.259341384
Gene.1119,4,-0.317368629,-0.054685219,0.327942476,-0.053879275
Gene.1120,4,0.084539682,0.195564201,0.981752465,0.116613844
Gene.1121,4,-0.085918873,0.372573131,0.841105484,-0.037041179
Gene.1122,4,0.150730242,0.254963779,0.715164788,-0.127357987
Gene.1123,3,-0.139587833,0.130178756,-0.16909389,-0.358752833
Gene.1124,4,-0.17368274,0.248749599,0.615264066,-0.025496296
Gene.1125,4,0.32576449,-0.087416569,0.577785659,0.034557293
Gene.1126,4,0.058194624,0.208765511,0.85891542,0.015484992
Gene.1127,4,-0.059760207,-0.224414193,0.687980527,0.477573203
Gene.1128,4,0.048561068,0.323877695,0.900218441,-0.084986568
Gene.1129,4,0.091514315,0.172894798,0.509072368,-0.141551453
Gene.1130,4,0.059569496,0.253521189,0.635439471,-0.224421464
Gene.1131,3,0.282416448,-0.362008802,0.217767924,0.281776044
Gene.1132,4,0.066577289,0.236039246,0.691453659,-0.169392879
Gene.1133,4,-0.209801542,0.053488967,0.471948622,0.050436379
Gene.1134,4,-0.155257991,0.024184683,0.580318829,0.25369037
Gene.1135,3,-0.069491342,0.211013722,-0.096830891,-0.385706115
Gene.1136,4,0.052275987,0.190872595,0.938555114,0.035986392
Gene.1137,4,-0.248975773,0.358813928,0.832338189,-0.047410951
Gene.1138,3,0.131320975,-0.425106698,0.056402283,0.243555735
Gene.1139,4,0.135527637,0.355633366,0.894722085,-0.030884987
Gene.1140,4,0.089462625,0.399544691,0.760515125,-0.113104732
Gene.1141,4,-0.189086344,0.164074973,0.745991329,-0.036695802
Gene.1142,3,-0.052078147,0.132562978,-0.007479404,0.115235432
Gene.1143,4,-0.199180094,0.346144006,0.946156006,-0.057588236
Gene.1144,4,0.322624904,-0.000466401,0.847415256,0.122025568
Gene.1145,1,-0.455038492,0.9164541,0.265708784,-0.640012247
Gene.1146,4,0.041775396,0.335784001,0.500133353,-0.31179142
Gene.1147,4,-0.138870229,0.298463982,0.852760211,-0.035027245
Gene.1148,4,-0.235794536,0.180347926,0.840497552,0.09380611
Gene.1149,3,0.393555694,-0.365380138,-0.165429204,0.241130743
Gene.1150,3,-0.530973205,0.16841227,0.321211881,0.08728266
Gene.1151,4,0.080029019,0.08817204,0.928376274,0.112799134
Gene.1152,4,-0.062314663,0.209538024,0.841504567,0.104863081
Gene.1153,4,-0.021343464,-0.056978624,0.675165957,0.350583995
Gene.1154,4,0.190331702,0.194037517,0.786273657,0.287849116
Gene.1155,4,-0.025840988,0.581326553,0.667248736,-0.255693327
Gene.1156,4,-0.109984334,0.409320489,0.911900889,-0.055375306
Gene.1157,4,0.196312462,-0.109925852,0.841747773,0.375239443
